mom,id,AP,n_loci
nat01,3040,44.44444444444444,9
nat01,3042,38.888888888888886,9
nat01,3057,44.44444444444444,9
nat01,3058,50,8
nat01,3059,44.44444444444444,9
nat01,3060,50,8
nat01,3061,44.44444444444444,9
nat01,3043,44.44444444444444,9
nat01,3045,56.25,8
nat01,3047,38.888888888888886,9
nat01,3050,38.888888888888886,9
nat01,3051,44.44444444444444,9
nat01,3052,43.75,8
nat01,3054,44.44444444444444,9
nat01,3056,38.888888888888886,9
nat02,5202,50,9
nat02,5203,44.44444444444444,9
nat02,5204,50,9
nat02,5205,38.888888888888886,9
nat02,5206,38.888888888888886,9
nat02,5196,38.888888888888886,9
nat02,5197,43.75,8
nat02,5198A,38.888888888888886,9
nat02,5198B,44.44444444444444,9
nat02,5199,44.44444444444444,9
nat02,5200,50,8
nat02,5201,43.75,8
nat02,5208,44.44444444444444,9
nat02,5209,50,9
nat02,5207,38.888888888888886,9
nat03,3425,56.25,8
nat03,3424A,50,9
nat03,3424B,38.888888888888886,9
nat03,3430,38.888888888888886,9
nat03,3426,50,8
nat03,3427,44.44444444444444,9
nat03,3429,43.75,8
nat03,3435,44.44444444444444,9
nat03,3436,43.75,8
nat03,3437,55.55555555555556,9
nat03,3438,43.75,8
nat03,3423B,38.888888888888886,9
nat03,3432,44.44444444444444,9
nat03,3433,44.44444444444444,9
nat03,3434,44.44444444444444,9
nat03,3421,38.888888888888886,9
nat03,3422,44.44444444444444,9
nat03,3423A,44.44444444444444,9
nat04,3865,56.25,8
nat04,3870,44.44444444444444,9
nat04,3866,55.55555555555556,9
nat04,3867,44.44444444444444,9
nat04,3869,38.888888888888886,9
nat04,3871,33.333333333333336,9
nat05,3850,38.888888888888886,9
nat05,3842,44.44444444444444,9
nat05,3844,44.44444444444444,9
nat05,3847,44.44444444444444,9
nat05,3848,33.333333333333336,9
nat05,3845,44.44444444444444,9
nat06,3791,50,8
nat06,3793,50,9
nat06,3796,50,9
nat06,3797,58.333333333333336,6
nat06,3794,62.5,8
nat06,3795,50,8
nat06,3798,44.44444444444444,9
nat06,3800,50,8
nat07,4231,44.44444444444444,9
nat07,4240,56.25,8
nat07,4230,61.111111111111114,9
nat07,4235,50,8
nat07,4236,56.25,8
nat08,3828,50,8
nat08,3829,44.44444444444444,9
nat08,3831,50,9
nat08,3832,50,9
nat08,3833,44.44444444444444,9
nat08,3816,44.44444444444444,9
nat08,3819,55.55555555555556,9
nat08,3820,44.44444444444444,9
nat08,3823A,38.888888888888886,9
nat08,3823B,62.5,8
nat08,3824,50,9
nat08,3825,55.55555555555556,9
nat08,3826,44.44444444444444,9
nat08,3837,50,9
nat08,3834,44.44444444444444,9
nat08,3835,61.111111111111114,9
nat08,3836,38.888888888888886,9
nat08,3840,55.55555555555556,9
nat09,4264,44.44444444444444,9
nat09,4267,44.44444444444444,9
nat09,4268,44.44444444444444,9
nat09,4269,61.111111111111114,9
nat09,4266,44.44444444444444,9
nat09,4262,50,9
nat09,4263A,50,6
nat09,4278,50,9
nat09,4280A,38.888888888888886,9
nat09,4280B,50,9
nat09,4271,50,9
nat09,4272,43.75,8
nat09,4273,55.55555555555556,9
nat09,4270,50,9
nat09,4275,56.25,8
nat09,4276,44.44444444444444,9
nat09,4277,62.5,8
nat09,4274,50,8
nat10,3442,64.28571428571429,7
nat10,3445,50,6
nat10,3458,56.25,8
nat10,3454,41.666666666666664,6
nat10,3463,50,8
nat10,3465,55.55555555555556,9
nat10,3467,50,8
nat11,3476B,50,9
nat11,3477,55.55555555555556,9
nat11,3478A,37.5,8
nat11,3478B,50,9
nat11,3479,31.25,8
nat11,3471,38.888888888888886,9
nat11,3472,38.888888888888886,9
nat11,3473A,50,9
nat11,3473B,50,9
nat11,3474,50,7
nat11,3475,38.888888888888886,9
nat11,3476A,50,9
nat11,3491,38.888888888888886,9
nat11,3492,43.75,8
nat11,3493,38.888888888888886,9
nat11,3495,55.55555555555556,9
nat11,3496,43.75,8
nat11,3497,56.25,8
nat11,3499,44.44444444444444,9
nat11,3480,31.25,8
nat11,3481,43.75,8
nat11,3482,50,6
nat11,3484A,31.25,8
nat11,3484B,38.888888888888886,9
nat11,3485,43.75,8
nat11,3487,37.5,8
nat11,3489,44.44444444444444,9
nat12,4689,50,9
nat12,4686,50,9
nat12,4694,38.888888888888886,9
nat12,4690,55.55555555555556,9
nat12,4691,55.55555555555556,9
nat12,4693,50,9
nat12,4704,50,9
nat12,4706,44.44444444444444,9
nat12,4695,44.44444444444444,9
nat12,4696,38.888888888888886,9
nat12,4697,38.888888888888886,9
nat12,4698,50,9
nat12,4700,38.888888888888886,9
nat12,4701,50,9
nat12,4702,50,9
nat13,4460,38.888888888888886,9
nat13,4461,33.333333333333336,9
nat13,4462B,50,8
nat13,4476,56.25,8
nat13,4477,44.44444444444444,9
nat13,4478,44.44444444444444,9
nat13,4479,50,8
nat13,4469,44.44444444444444,9
nat13,4464,55.55555555555556,9
nat13,4466,44.44444444444444,9
nat13,4468,38.888888888888886,9
nat13,4475,50,9
nat13,4470,50,9
nat13,4471,43.75,8
nat13,4474,43.75,8
nat14,3898,62.5,8
nat14,3899,50,9
nat14,3900,50,9
nat14,3902,38.888888888888886,9
nat14,3903,44.44444444444444,9
nat14,3904,44.44444444444444,9
nat14,3905,38.888888888888886,9
nat14,3891,38.888888888888886,9
nat14,3892,55.55555555555556,9
nat14,3893,44.44444444444444,9
nat14,3894,38.888888888888886,9
nat14,3895,44.44444444444444,9
nat14,3896,38.888888888888886,9
nat14,3897,38.888888888888886,9
nat14,3890,44.44444444444444,9
nat15,5062,38.888888888888886,9
nat15,5061,55.55555555555556,9
nat15,5067,62.5,8
nat15,5070,38.888888888888886,9
nat15,5075,43.75,8
nat16,3961,44.44444444444444,9
nat16,3979,50,9
nat16,3972,68.75,8
nat16,3974,44.44444444444444,9
nat16,3975,56.25,8
nat16,3987,44.44444444444444,9
nat16,3982,44.44444444444444,9
nat16,3983,56.25,8
nat16,3984,44.44444444444444,9
nat17,4556,44.44444444444444,9
nat17,4557,50,9
nat17,4558A,62.5,8
nat17,4558B,50,9
nat17,4560,38.888888888888886,9
nat17,4551A,55.55555555555556,9
nat17,4551B,50,9
nat17,4553,44.44444444444444,9
nat17,4579,50,9
nat17,4580,50,9
nat17,4572,56.25,8
nat17,4566,38.888888888888886,9
nat17,4570A,44.44444444444444,9
nat17,4570B,50,9
nat17,4578,55.55555555555556,9
nat17,4573,38.888888888888886,9
nat17,4574,50,9
nat17,4576,44.44444444444444,9
urb01,10,62.5,8
urb01,184,37.5,8
urb01,200,50,8
urb01,203,38.888888888888886,9
urb01,634,62.5,8
urb01,85,56.25,8
urb01,253,37.5,8
urb01,314,56.25,8
urb01,339,56.25,8
urb01,242,57.142857142857146,7
urb01,476,50,9
urb01,599,56.25,8
urb01,619,62.5,8
urb01,450,57.142857142857146,7
urb03,435,44.44444444444444,9
urb03,438,44.44444444444444,9
urb03,443,55.55555555555556,9
urb03,457,44.44444444444444,9
urb03,461,50,9
urb03,467,50,9
urb03,494,50,9
urb03,51,50,9
urb03,522,44.44444444444444,9
urb03,549,44.44444444444444,9
urb03,563,44.44444444444444,9
urb03,595,43.75,8
urb03,641,55.55555555555556,9
urb03,69,50,9
urb03,78,50,6
urb03,129,44.44444444444444,9
urb03,238,38.888888888888886,9
urb03,239,44.44444444444444,9
urb03,26,44.44444444444444,9
urb03,287,55.55555555555556,9
urb03,349,50,8
urb03,421,55.55555555555556,9
urb03,426,55.55555555555556,9
urb04,111,61.111111111111114,9
urb04,19,50,9
urb04,196,44.44444444444444,9
urb04,43,44.44444444444444,9
urb04,44,55.55555555555556,9
urb04,511,38.888888888888886,9
urb04,526,38.888888888888886,9
urb04,622,55.55555555555556,9
urb04,237,50,8
urb04,289,38.888888888888886,9
urb04,31,44.44444444444444,9
urb04,329,71.42857142857143,7
urb04,354,50,8
urb04,361,44.44444444444444,9
urb04,404,55.55555555555556,9
urb04,408,66.66666666666667,9
urb04,71,50,9
urb04,95,50,9
urb04,636,44.44444444444444,9
urb04,649,62.5,8
urb05,4959,50,8
urb05,4960,55.55555555555556,9
urb05,4961,55.55555555555556,9
urb05,4962,50,9
urb05,4963,44.44444444444444,9
urb05,4964,56.25,8
urb05,4956,44.44444444444444,9
urb05,4957,55.55555555555556,9
urb05,4958,56.25,8
urb05,4967,37.5,8
urb05,4965A,43.75,8
urb05,4965B,33.333333333333336,9
urb05,4966,44.44444444444444,9
urb06,3334,50,9
urb06,3338,66.66666666666667,9
urb06,3339,55.55555555555556,9
urb06,3342,61.111111111111114,9
urb06,3344,61.111111111111114,9
urb06,3331,72.22222222222223,9
urb06,3332,55.55555555555556,9
urb06,3333,61.111111111111114,9
urb06,3345,66.66666666666667,9
urb06,3347,55.55555555555556,9
urb07,3,55.55555555555556,9
urb07,38,72.22222222222223,9
urb07,413,68.75,8
urb07,367,71.42857142857143,7
urb07,370,50,9
urb07,106,50,8
urb07,125,61.111111111111114,9
urb07,167,61.111111111111114,9
urb07,286,68.75,8
urb07,290,61.111111111111114,9
urb07,92,55.55555555555556,9
urb07,567,55.55555555555556,9
urb07,574,62.5,8
urb07,456,44.44444444444444,9
urb07,54,50,9
urb07,581,61.111111111111114,9
urb07,586,61.111111111111114,9
urb08,3768,55.55555555555556,9
urb08,3769,44.44444444444444,9
urb08,3775,50,9
urb08,3776,55.55555555555556,9
urb08,3771,27.77777777777778,9
urb08,3774,44.44444444444444,9
urb08,3767,27.77777777777778,9
urb08,3785,50,9
urb08,3796,44.44444444444444,9
urb08,3777,38.888888888888886,9
urb08,3778,50,9
urb08,3779,50,9
urb08,3780,55.55555555555556,9
urb08,3781,50,9
urb08,3782,38.888888888888886,9
urb08,3783,50,9
urb09,107,71.42857142857143,7
urb09,11,64.28571428571429,7
urb09,112,57.142857142857146,7
urb09,281,57.142857142857146,7
urb09,306,64.28571428571429,7
urb09,368,64.28571428571429,7
urb09,123,68.75,8
urb09,13,66.66666666666667,6
urb09,130,71.42857142857143,7
urb09,136,50,7
urb09,168,75,8
urb09,21,68.75,8
urb09,623,58.333333333333336,6
urb09,493,62.5,8
urb09,381,71.42857142857143,7
urb09,384,56.25,8
urb09,407,64.28571428571429,7
urb09,579,71.42857142857143,7
urb09,508,62.5,8
urb09,540,64.28571428571429,7
urb09,554,71.42857142857143,7
urb11,134,38.888888888888886,9
urb11,20,44.44444444444444,9
urb11,229,50,9
urb11,145,56.25,8
urb11,149,50,9
urb11,110,38.888888888888886,9
urb11,553,50,9
urb11,583,38.888888888888886,9
urb11,591,50,9
urb11,610,50,7
urb11,327,43.75,8
urb11,261,56.25,8
urb11,307,41.666666666666664,6
urb11,325,35.714285714285715,7
urb11,510,44.44444444444444,9
urb11,343,66.66666666666667,6
urb11,391,42.857142857142854,7
urb11,498,50,9
urb12,32,50,9
urb12,324,38.888888888888886,9
urb12,36,44.44444444444444,9
urb12,437,44.44444444444444,9
urb12,462,44.44444444444444,9
urb12,593,38.888888888888886,9
urb12,639,44.44444444444444,9
urb12,640,56.25,8
urb12,66,44.44444444444444,9
urb12,227,27.77777777777778,9
urb12,266,38.888888888888886,9
urb12,28,50,9
urb12,294,50,8
urb12,319,44.44444444444444,9
urb12,148,50,8
urb12,193,50,8
urb12,210,43.75,8
nat19,190,50,9
nat19,224,50,9
nat19,195,50,9
nat19,22,44.44444444444444,9
nat19,223,43.75,8
nat19,100,50,9
nat19,15,50,8
nat19,183,61.111111111111114,9
nat19,185,50,8
nat19,482,56.25,8
nat19,513,38.888888888888886,9
nat19,538,50,8
nat19,557,55.55555555555556,9
nat19,606,62.5,8
nat19,270,28.571428571428573,7
nat19,275,61.111111111111114,9
nat19,33,50,9
nat19,364,56.25,8
nat19,375,56.25,8
nat19,397,50,8
nat19,430,44.44444444444444,9
nat19,46,55.55555555555556,9
nat19,76,50,8
nat19,627,50,8
nat19,631,56.25,8
nat19,611,50,9
nat19,616,66.66666666666667,6
nat19,657,44.44444444444444,9
nat19,659,62.5,8
nat20,405,44.44444444444444,9
nat20,446,44.44444444444444,9
nat20,605,50,7
nat20,615,42.857142857142854,7
nat20,473,44.44444444444444,9
nat20,519,44.44444444444444,9
nat20,301,50,8
nat21,573,44.44444444444444,9
nat21,68,50,9
nat21,332,56.25,8
nat21,333,58.333333333333336,6
nat21,358,55.55555555555556,9
nat21,500,38.888888888888886,9
nat21,527,50,9
nat21,568,44.44444444444444,9
nat21,422,50,9
urb13,12,38.888888888888886,9
urb13,156,38.888888888888886,9
urb13,654,50,6
urb13,82,38.888888888888886,9
urb13,258,43.75,8
urb13,277,37.5,8
urb13,285,44.44444444444444,9
urb13,245,50,8
urb13,315,71.42857142857143,7
urb13,411,37.5,8
urb13,637,41.666666666666664,6
urb13,292,42.857142857142854,7
nat22,101,50,9
nat22,142,44.44444444444444,9
nat22,535,50,9
nat22,609,44.44444444444444,9
nat22,638,44.44444444444444,9
nat22,191,44.44444444444444,9
nat22,199,44.44444444444444,9
nat22,25,44.44444444444444,9
nat22,353,43.75,8
nat22,492,44.44444444444444,9
nat22,505,44.44444444444444,9
nat22,254,55.55555555555556,9
urb14,126,66.66666666666667,9
urb14,157,50,6
urb14,428,55.55555555555556,9
urb14,441,55.55555555555556,9
urb14,453,50,9
urb14,488,50,8
urb14,497,55.55555555555556,9
urb14,162,61.111111111111114,9
urb14,163,44.44444444444444,9
urb14,18,56.25,8
urb14,217,50,8
urb14,265,42.857142857142854,7
urb14,35,66.66666666666667,9
urb14,395,56.25,8
urb14,603,61.111111111111114,9
urb14,587,50,7
urb14,600,50,7
urb14,652,43.75,8
urb14,9,44.44444444444444,9
nat23,216,41.666666666666664,6
nat23,309,57.142857142857146,7
nat23,380,43.75,8
nat23,244,50,9
nat23,259,57.142857142857146,7
nat23,2,43.75,8
nat23,501,55.55555555555556,9
nat25,582,33.333333333333336,9
nat25,613,27.77777777777778,9
nat25,187,38.888888888888886,9
nat25,267,50,8
nat25,299,44.44444444444444,9
nat25,433,33.333333333333336,9
nat25,520,38.888888888888886,9
nat25,537,50,9
nat26,151,38.888888888888886,9
nat26,182,44.44444444444444,9
nat26,47,50,9
nat26,471,56.25,8
nat26,561,50,9
nat26,625,44.44444444444444,9
nat26,345,41.666666666666664,6
nat26,269,62.5,8
nat26,310,38.888888888888886,9
nat26,338,56.25,8
nat26,424,50,8
nat26,373,50,8
nat26,402,50,8
nat26,414,50,9
nat27,406,44.44444444444444,9
nat27,517,50,9
nat27,57,55.55555555555556,9
nat27,655,50,9
nat27,141,31.25,8
nat27,152,56.25,8
nat27,181,50,9
nat27,206,55.55555555555556,9
nat27,347,50,7
nat27,4,50,9
nat29,122,50,7
nat29,137,50,7
nat29,139,50,7
nat29,153,58.333333333333336,6
nat29,188,64.28571428571429,7
nat29,423,50,7
nat29,479,43.75,8
nat29,5,37.5,8
nat29,544,42.857142857142854,7
nat29,565,43.75,8
nat29,620,58.333333333333336,6
nat29,99,50,8
urb15,4126,44.44444444444444,9
urb15,4127,50,9
urb15,4128A,68.75,8
urb15,4128B,56.25,8
urb15,4129A,56.25,8
urb15,4129B,50,9
urb15,4130,61.111111111111114,9
urb15,4131,50,9
urb15,4132,55.55555555555556,9
urb15,4133,38.888888888888886,9
urb15,4134,50,9
urb15,4135,50,8
urb15,4136,56.25,8
urb15,4137,62.5,8
urb15,4138,62.5,8
urb15,4139,68.75,8
urb16,3922,38.888888888888886,9
urb16,3924,44.44444444444444,9
urb16,3925,38.888888888888886,9
urb16,3926,38.888888888888886,9
urb16,3927,44.44444444444444,9
urb16,3928,44.44444444444444,9
urb16,3929,38.888888888888886,9
urb16,3930,43.75,8
urb16,3931,38.888888888888886,9
urb16,3932,27.77777777777778,9
urb16,3933,38.888888888888886,9
urb16,3934,44.44444444444444,9
urb16,3935,44.44444444444444,9
urb16,3936,38.888888888888886,9
urb16,3937,33.333333333333336,9
urb16,3938,38.888888888888886,9
urb17,207,44.44444444444444,9
urb17,213,57.142857142857146,7
urb17,250,42.857142857142854,7
urb17,276,57.142857142857146,7
urb17,280,38.888888888888886,9
urb17,300,50,7
urb17,311,43.75,8
urb17,410,38.888888888888886,9
urb17,546,55.55555555555556,9
urb17,570,50,9
urb17,617,66.66666666666667,9
urb17,621,55.55555555555556,9
urb17,70,61.111111111111114,9
urb17,80,50,9
urb18,128,50,8
urb18,155,43.75,8
urb18,298,50,8
urb18,330,42.857142857142854,7
urb18,416,55.55555555555556,9
urb18,470,61.111111111111114,9
urb18,483,50,8
urb18,509,50,8
urb19,3561,55.55555555555556,9
urb19,3562,44.44444444444444,9
urb19,3563B,56.25,8
urb19,3565,44.44444444444444,9
urb19,3566,50,9
urb19,3567,44.44444444444444,9
urb19,3568,44.44444444444444,9
urb19,3569,44.44444444444444,9
urb19,3570,50,9
urb19,3571,44.44444444444444,9
urb19,3573,44.44444444444444,9
urb19,3574,50,9
urb19,3575,50,9
urb19,3576,50,9
urb19,3577,38.888888888888886,9
urb20,4146,50,9
urb20,4147,44.44444444444444,9
urb20,4148,43.75,8
urb20,4149,50,8
urb20,4150,56.25,8
urb20,4151,43.75,8
urb20,4152,62.5,8
urb20,4153,50,8
urb20,4154A,44.44444444444444,9
urb20,4154B,43.75,8
urb20,4155,50,8
urb20,4156,50,8
urb20,4157,50,8
urb20,4158,50,8
urb20,4159,50,8
urb20,4163,50,9
urb21,3586,44.44444444444444,9
urb21,3588,50,9
urb21,3589,61.111111111111114,9
urb21,3590,44.44444444444444,9
urb21,3592,50,9
urb21,3593,50,9
urb21,3594,44.44444444444444,9
urb21,3595,44.44444444444444,9
urb21,3598,38.888888888888886,9
urb21,3600,56.25,8
urb21,3601,55.55555555555556,9
urb21,3602,44.44444444444444,9
urb21,3603,44.44444444444444,9
urb21,3604,44.44444444444444,9
urb21,3605,50,9
urb22,4801,61.111111111111114,9
urb22,4806A,72.22222222222223,9
urb22,4806B,56.25,8
urb22,4808,61.111111111111114,9
urb22,4809A,44.44444444444444,9
urb22,4809B,50,9
urb22,4810,44.44444444444444,9
urb22,4811,50,9
urb22,4814,44.44444444444444,9
urb22,4815,44.44444444444444,9
urb22,4817,44.44444444444444,9
urb22,4818,50,9
urb22,4819,56.25,8
urb22,4820,50,9
urb22,4821,50,9
urb22,4822,50,9
urb23,132,44.44444444444444,9
urb23,143,33.333333333333336,9
urb23,144,44.44444444444444,9
urb23,178,50,9
urb23,228,38.888888888888886,9
urb23,24,44.44444444444444,9
urb23,29,50,9
urb23,313,57.142857142857146,7
urb23,316,42.857142857142854,7
urb23,418,50,9
urb23,528,44.44444444444444,9
urb23,542,43.75,8
urb23,58,61.111111111111114,9
urb23,601,50,7
urb23,604,37.5,8
urb23,645,50,7
urb23,81,44.44444444444444,9
urb24,133,50,7
urb24,160,44.44444444444444,9
urb24,169,50,6
urb24,209,50,9
urb24,234,57.142857142857146,7
urb24,248,43.75,8
urb24,284,56.25,8
urb24,431,55.55555555555556,9
urb24,449,50,8
urb24,516,38.888888888888886,9
urb24,585,62.5,8
urb24,60,44.44444444444444,9
urb24,628,50,9
urb24,96,55.55555555555556,9
urb25,131,55.55555555555556,9
urb25,192,37.5,8
urb25,198,50,9
urb25,335,37.5,8
urb25,344,50,9
urb25,348,37.5,8
urb25,371,44.44444444444444,9
urb25,374,37.5,8
urb25,403,50,9
urb25,412,50,9
urb25,415,44.44444444444444,9
urb25,442,42.857142857142854,7
urb25,452,50,9
urb25,478,44.44444444444444,9
urb25,486,33.333333333333336,9
urb25,518,37.5,8
urb25,590,50,9
urb25,88,33.333333333333336,9
urb26,104,55.55555555555556,9
urb26,109,66.66666666666667,9
urb26,180,50,9
urb26,268,50,8
urb26,273,50,8
urb26,320,50,7
urb26,386,50,7
urb26,502,44.44444444444444,9
urb26,525,50,9
urb26,551,55.55555555555556,9
urb26,578,56.25,8
urb26,624,43.75,8
urb26,633,68.75,8
urb26,661,50,8
urb27,5151,50,8
urb27,5154,44.44444444444444,9
urb27,5156A,50,9
urb27,5156B,61.111111111111114,9
urb27,5157,44.44444444444444,9
urb27,5158,50,9
urb27,5159,38.888888888888886,9
urb27,5160A,56.25,8
urb27,5160B,50,8
urb27,5162,55.55555555555556,9
urb27,5163A,50,9
urb27,5163B,44.44444444444444,9
urb27,5164,38.888888888888886,9
urb27,5165A,61.111111111111114,9
urb27,5165B,50,9
urb27,5168,38.888888888888886,9
urb28,103,56.25,8
urb28,118,55.55555555555556,9
urb28,135,44.44444444444444,9
urb28,171,57.142857142857146,7
urb28,205,44.44444444444444,9
urb28,240,44.44444444444444,9
urb28,27,44.44444444444444,9
urb28,295,50,8
urb28,318,50,8
urb28,34,56.25,8
urb28,369,50,8
urb28,387,42.857142857142854,7
urb28,39,50,8
urb28,474,44.44444444444444,9
urb28,49,50,9
urb28,50,55.55555555555556,9
urb28,506,50,9
urb28,512,38.888888888888886,9
urb28,541,38.888888888888886,9
urb28,62,50,9
urb28,660,44.44444444444444,9
urb28,75,50,8
urb29,113,33.333333333333336,9
urb29,124,62.5,8
urb29,165,50,6
urb29,394,50,8
urb29,400,38.888888888888886,9
urb29,504,64.28571428571429,7
urb29,552,43.75,8
urb31,108,44.44444444444444,9
urb31,231,75,6
urb31,247,41.666666666666664,6
urb31,308,50,6
urb31,346,58.333333333333336,6
urb31,460,44.44444444444444,9
urb31,481,50,8
urb31,514,64.28571428571429,7
urb31,539,75,6
urb31,55,66.66666666666667,6
urb31,576,66.66666666666667,6
urb31,588,62.5,8
urb31,612,50,8
urb31,644,50,6
urb32,189,44.44444444444444,9
urb32,264,50,7
urb32,378,50,9
urb32,382,55.55555555555556,9
urb32,390,62.5,8
urb32,42,44.44444444444444,9
urb32,420,43.75,8
urb32,45,44.44444444444444,9
urb32,53,44.44444444444444,9
urb32,550,50,9
urb32,618,50,9
urb32,635,50,9
urb32,64,44.44444444444444,9
urb32,658,38.888888888888886,9
urb32,72,44.44444444444444,9
urb33,4366,50,9
urb33,4367,38.888888888888886,9
urb33,4368,33.333333333333336,9
urb33,4369,50,9
urb33,4371,37.5,8
urb33,4372,56.25,8
urb33,4373,50,8
urb33,4374,55.55555555555556,9
urb33,4375,55.55555555555556,9
urb33,4376,56.25,8
urb33,4377,62.5,8
urb33,4378,50,9
urb33,4379,44.44444444444444,9
urb33,4380,55.55555555555556,9
urb33,4381,75,8
urb33,4382,50,9
urb34,3741,57.142857142857146,7
urb34,3742,56.25,8
urb34,3743,50,8
urb34,3745,44.44444444444444,9
urb34,3748,43.75,8
urb34,3750,37.5,8
urb34,3751A,50,8
urb34,3751B,50,9
urb34,3753,50,9
urb34,3754,56.25,8
urb34,3755,56.25,8
urb34,3756A,44.44444444444444,9
urb34,3756B,50,8
urb34,3758,43.75,8
urb34,3759,55.55555555555556,9
urb35,5037A,50,8
urb35,5037B,50,8
urb35,5038,44.44444444444444,9
urb35,5039,50,9
urb35,5040,50,8
urb35,5042,55.55555555555556,9
urb35,5043,62.5,8
urb35,5044,43.75,8
urb35,5045,50,8
urb35,5046,62.5,8
urb35,5047,56.25,8
urb35,5048,64.28571428571429,7
urb35,5049,61.111111111111114,9
urb35,5051,61.111111111111114,9
urb35,5052,56.25,8
urb35,5063,61.111111111111114,9
