mom,id,origin,phenotype,value
urb01,10,cultivar,SB,0
urb01,10,cultivar,AGB,0
urb01,85,cultivar,LB,0.1028
urb01,85,cultivar,SB,0.2922
urb01,85,cultivar,AGB,0.395
urb01,85,cultivar,BGB,0.2552
urb01,184,cultivar,LB,0.7374
urb01,184,cultivar,SB,0.6232
urb01,184,cultivar,AGB,1.3606
urb01,184,cultivar,BGB,0.1397
urb01,200,cultivar,LB,0.395
urb01,200,cultivar,SB,0.3764
urb01,200,cultivar,AGB,0.7714
urb01,200,cultivar,BGB,0.4268
urb01,203,cultivar,LB,0.656
urb01,203,cultivar,SB,0
urb01,203,cultivar,AGB,0.656
urb01,203,cultivar,BGB,0.4371
urb01,242,cultivar,LB,0.5134
urb01,242,cultivar,SB,0.469
urb01,242,cultivar,AGB,0.9824
urb01,242,cultivar,BGB,0.591
urb01,253,cultivar,LB,0.208
urb01,253,cultivar,SB,0.365
urb01,253,cultivar,AGB,0.573
urb01,253,cultivar,BGB,0.288
urb01,314,cultivar,LB,0.446
urb01,314,cultivar,SB,0.4678
urb01,314,cultivar,AGB,0.9138
urb01,314,cultivar,BGB,0.4967
urb01,339,cultivar,LB,0.4654
urb01,339,cultivar,SB,0.4068
urb01,339,cultivar,AGB,0.8722
urb01,339,cultivar,BGB,0.3962
urb01,359,cultivar,SB,0
urb01,359,cultivar,AGB,0
urb01,450,cultivar,LB,0.7813
urb01,450,cultivar,SB,0.6087
urb01,450,cultivar,AGB,1.39
urb01,450,cultivar,BGB,0.4226
urb01,476,cultivar,LB,0.8673
urb01,476,cultivar,SB,0.7297
urb01,476,cultivar,AGB,1.597
urb01,476,cultivar,BGB,0.8209
urb01,584,cultivar,SB,0
urb01,584,cultivar,AGB,0
urb01,599,cultivar,LB,0.3562
urb01,599,cultivar,SB,0.2405
urb01,599,cultivar,AGB,0.5967
urb01,599,cultivar,BGB,0.2447
urb01,619,cultivar,SB,0
urb01,619,cultivar,AGB,0
urb01,634,cultivar,LB,1.0738
urb01,634,cultivar,SB,0.9416
urb01,634,cultivar,AGB,2.0154
urb01,634,cultivar,BGB,1.0805
urb18,221,cultivar,SB,0
urb18,221,cultivar,AGB,0
urb18,222,cultivar,SB,0
urb18,222,cultivar,AGB,0
urb18,252,cultivar,SB,0
urb18,252,cultivar,AGB,0
urb18,330,cultivar,LB,0.573
urb18,330,cultivar,SB,0.5044
urb18,330,cultivar,AGB,1.0774
urb18,330,cultivar,BGB,0.6247
urb18,416,cultivar,LB,0.8038
urb18,416,cultivar,SB,0.5093
urb18,416,cultivar,AGB,1.3131
urb18,416,cultivar,BGB,0.9166
urb18,459,cultivar,SB,0
urb18,459,cultivar,AGB,0
urb18,470,cultivar,LB,0.048
urb18,470,cultivar,SB,0.5002
urb18,470,cultivar,AGB,0.5482
urb18,470,cultivar,BGB,0.5739
urb18,483,cultivar,LB,0.6853
urb18,483,cultivar,SB,0.5468
urb18,483,cultivar,AGB,1.2321
urb18,483,cultivar,BGB,0.465
urb18,484,cultivar,SB,0
urb18,484,cultivar,AGB,0
urb18,509,cultivar,LB,0.6545
urb18,509,cultivar,SB,0.5588
urb18,509,cultivar,AGB,1.2133
urb18,509,cultivar,BGB,0.5902
urb18,651,cultivar,SB,0
urb18,651,cultivar,AGB,0
urb18,52,cultivar,LB,0.0259
urb18,52,cultivar,SB,0.046
urb18,52,cultivar,AGB,0.0719
urb18,52,cultivar,BGB,0.0346
urb18,155,cultivar,LB,0.3385
urb18,155,cultivar,SB,0.3419
urb18,155,cultivar,AGB,0.6804
urb18,155,cultivar,BGB,0.4082
urb18,175,cultivar,SB,0
urb18,175,cultivar,AGB,0
urb04,19,cultivar,LB,0.4987
urb04,19,cultivar,SB,0.3988
urb04,19,cultivar,AGB,0.8975
urb04,19,cultivar,BGB,0.2894
urb04,31,cultivar,LB,0.5732
urb04,31,cultivar,SB,0.3855
urb04,31,cultivar,AGB,0.9587
urb04,31,cultivar,BGB,0.3782
urb04,43,cultivar,LB,0.1565
urb04,43,cultivar,SB,0.1294
urb04,43,cultivar,AGB,0.2859
urb04,43,cultivar,BGB,0.0862
urb04,44,cultivar,LB,0.4356
urb04,44,cultivar,SB,0.3955
urb04,44,cultivar,AGB,0.8311
urb04,44,cultivar,BGB,0.3014
urb04,95,cultivar,LB,0.3399
urb04,95,cultivar,SB,0.2995
urb04,95,cultivar,AGB,0.6394
urb04,95,cultivar,BGB,0.1853
urb04,111,cultivar,LB,0.1712
urb04,111,cultivar,SB,0.1924
urb04,111,cultivar,AGB,0.3636
urb04,111,cultivar,BGB,0.1665
urb04,196,cultivar,LB,0.3561
urb04,196,cultivar,SB,0.3447
urb04,196,cultivar,AGB,0.7008
urb04,196,cultivar,BGB,0.2767
urb04,237,cultivar,LB,0.4632
urb04,237,cultivar,SB,0.5176
urb04,237,cultivar,AGB,0.9808
urb04,237,cultivar,BGB,0.5553
urb04,278,cultivar,SB,0
urb04,278,cultivar,AGB,0
urb04,289,cultivar,LB,0.4879
urb04,289,cultivar,SB,0.4608
urb04,289,cultivar,AGB,0.9487
urb04,289,cultivar,BGB,0.4516
urb04,312,cultivar,SB,0
urb04,312,cultivar,AGB,0
urb04,329,cultivar,SB,0
urb04,329,cultivar,AGB,0
urb04,354,cultivar,LB,0.5186
urb04,354,cultivar,SB,0.5006
urb04,354,cultivar,AGB,1.0192
urb04,354,cultivar,BGB,0.3788
urb04,361,cultivar,LB,0.5783
urb04,361,cultivar,SB,0.453
urb04,361,cultivar,AGB,1.0313
urb04,361,cultivar,BGB,0.4325
urb04,404,cultivar,LB,0.3572
urb04,404,cultivar,SB,0.4164
urb04,404,cultivar,AGB,0.7736
urb04,404,cultivar,BGB,0.3305
urb04,408,cultivar,LB,0.754
urb04,408,cultivar,SB,0.6036
urb04,408,cultivar,AGB,1.3576
urb04,408,cultivar,BGB,0.4558
urb04,472,cultivar,LB,0.8703
urb04,472,cultivar,SB,0.7273
urb04,472,cultivar,AGB,1.5976
urb04,472,cultivar,BGB,0.6299
urb04,491,cultivar,LB,0.1701
urb04,491,cultivar,SB,0.3078
urb04,491,cultivar,AGB,0.4779
urb04,491,cultivar,BGB,0.2569
urb04,511,cultivar,LB,0.1782
urb04,511,cultivar,SB,0.2774
urb04,511,cultivar,AGB,0.4556
urb04,511,cultivar,BGB,0.1388
urb04,526,cultivar,LB,0.7502
urb04,526,cultivar,SB,0.5594
urb04,526,cultivar,AGB,1.3096
urb04,526,cultivar,BGB,0.5948
urb04,556,cultivar,LB,0.2358
urb04,556,cultivar,SB,0.1884
urb04,556,cultivar,AGB,0.4242
urb04,556,cultivar,BGB,0.0998
urb04,597,cultivar,SB,0
urb04,597,cultivar,AGB,0
urb04,622,cultivar,LB,0.7095
urb04,622,cultivar,SB,0.452
urb04,622,cultivar,AGB,1.1615
urb04,622,cultivar,BGB,0.3793
urb04,636,cultivar,LB,0.779
urb04,636,cultivar,SB,0.5619
urb04,636,cultivar,AGB,1.3409
urb04,636,cultivar,BGB,0.6063
urb04,649,cultivar,LB,0.5083
urb04,649,cultivar,SB,1.0573
urb04,649,cultivar,AGB,1.5656
urb04,649,cultivar,BGB,0.9931
urb11,20,cultivar,LB,0.8738
urb11,20,cultivar,SB,0.6916
urb11,20,cultivar,AGB,1.5654
urb11,20,cultivar,BGB,0.8379
urb11,110,cultivar,LB,0.659
urb11,110,cultivar,SB,0.6729
urb11,110,cultivar,AGB,1.3319
urb11,110,cultivar,BGB,0.4903
urb11,121,cultivar,SB,0
urb11,121,cultivar,AGB,0
urb11,134,cultivar,LB,0.4625
urb11,134,cultivar,SB,0.431
urb11,134,cultivar,AGB,0.8935
urb11,134,cultivar,BGB,0.6172
urb11,145,cultivar,LB,0.3205
urb11,145,cultivar,SB,0.3524
urb11,145,cultivar,AGB,0.6729
urb11,145,cultivar,BGB,0.325
urb11,149,cultivar,LB,0.0916
urb11,149,cultivar,SB,0.2251
urb11,149,cultivar,AGB,0.3167
urb11,149,cultivar,BGB,0.1463
urb11,229,cultivar,LB,0.6293
urb11,229,cultivar,SB,0.4926
urb11,229,cultivar,AGB,1.1219
urb11,229,cultivar,BGB,0.5082
urb11,261,cultivar,LB,0.532
urb11,261,cultivar,SB,0.5858
urb11,261,cultivar,AGB,1.1178
urb11,261,cultivar,BGB,0.6511
urb11,325,cultivar,LB,0.7957
urb11,325,cultivar,SB,0.6409
urb11,325,cultivar,AGB,1.4366
urb11,325,cultivar,BGB,0.6309
urb11,327,cultivar,LB,1.1648
urb11,327,cultivar,SB,1.0601
urb11,327,cultivar,AGB,2.2249
urb11,327,cultivar,BGB,1.2873
urb11,343,cultivar,LB,0.3976
urb11,343,cultivar,SB,0.5803
urb11,343,cultivar,AGB,0.9779
urb11,343,cultivar,BGB,0.5548
urb11,391,cultivar,LB,1.3191
urb11,391,cultivar,SB,1.1382
urb11,391,cultivar,AGB,2.4573
urb11,391,cultivar,BGB,1.2731
urb11,498,cultivar,LB,0.4237
urb11,498,cultivar,SB,0.7603
urb11,498,cultivar,AGB,1.184
urb11,498,cultivar,BGB,0.9337
urb11,510,cultivar,LB,0.7477
urb11,510,cultivar,SB,0.6385
urb11,510,cultivar,AGB,1.3862
urb11,510,cultivar,BGB,0.6486
urb11,553,cultivar,LB,1.5158
urb11,553,cultivar,SB,1.8311
urb11,553,cultivar,AGB,3.3469
urb11,553,cultivar,BGB,1.9782
urb11,583,cultivar,LB,0.0817
urb11,583,cultivar,SB,0.6376
urb11,583,cultivar,AGB,0.7193
urb11,583,cultivar,BGB,0.5456
urb11,591,cultivar,LB,1.4671
urb11,591,cultivar,SB,1.2396
urb11,591,cultivar,AGB,2.7067
urb11,591,cultivar,BGB,1.4674
urb11,610,cultivar,LB,0.1967
urb11,610,cultivar,SB,0.1536
urb11,610,cultivar,AGB,0.3503
urb11,610,cultivar,BGB,0.1322
urb11,629,cultivar,SB,0
urb11,629,cultivar,AGB,0
urb24,60,cultivar,LB,0.0619
urb24,60,cultivar,SB,0.5082
urb24,60,cultivar,AGB,0.5701
urb24,60,cultivar,BGB,0.3945
urb24,96,cultivar,SB,0
urb24,96,cultivar,AGB,0
urb24,133,cultivar,LB,0.3617
urb24,133,cultivar,SB,0.7071
urb24,133,cultivar,AGB,1.0688
urb24,133,cultivar,BGB,0.5871
urb24,160,cultivar,LB,0.2266
urb24,160,cultivar,SB,0.3343
urb24,160,cultivar,AGB,0.5609
urb24,160,cultivar,BGB,0.2161
urb24,169,cultivar,SB,0
urb24,169,cultivar,AGB,0
urb24,209,cultivar,LB,0.2506
urb24,209,cultivar,SB,0.3233
urb24,209,cultivar,AGB,0.5739
urb24,209,cultivar,BGB,0.1615
urb24,234,cultivar,LB,0.6477
urb24,234,cultivar,SB,0.4241
urb24,234,cultivar,AGB,1.0718
urb24,234,cultivar,BGB,0.5938
urb24,248,cultivar,LB,0.7067
urb24,248,cultivar,SB,0.5301
urb24,248,cultivar,AGB,1.2368
urb24,248,cultivar,BGB,0.4816
urb24,284,cultivar,LB,0.2023
urb24,284,cultivar,SB,0.1904
urb24,284,cultivar,AGB,0.3927
urb24,284,cultivar,BGB,0.1398
urb24,377,cultivar,SB,0
urb24,377,cultivar,AGB,0
urb24,431,cultivar,LB,0.7583
urb24,431,cultivar,SB,0.6571
urb24,431,cultivar,AGB,1.4154
urb24,431,cultivar,BGB,0.7573
urb24,449,cultivar,LB,0.8084
urb24,449,cultivar,SB,0.7911
urb24,449,cultivar,AGB,1.5995
urb24,449,cultivar,BGB,0.5832
urb24,490,cultivar,SB,0
urb24,490,cultivar,AGB,0
urb24,516,cultivar,LB,0.939
urb24,516,cultivar,SB,0.8931
urb24,516,cultivar,AGB,1.8321
urb24,516,cultivar,BGB,0.7492
urb24,585,cultivar,LB,0.6309
urb24,585,cultivar,SB,0.5564
urb24,585,cultivar,AGB,1.1873
urb24,585,cultivar,BGB,0.4829
urb24,628,cultivar,LB,0.9149
urb24,628,cultivar,SB,0.8584
urb24,628,cultivar,AGB,1.7733
urb24,628,cultivar,BGB,0.8656
urb23,24,cultivar,LB,0.4896
urb23,24,cultivar,SB,0.6236
urb23,24,cultivar,AGB,1.1132
urb23,24,cultivar,BGB,0.4219
urb23,29,cultivar,LB,0.1493
urb23,29,cultivar,SB,0.201
urb23,29,cultivar,AGB,0.3503
urb23,29,cultivar,BGB,0.1226
urb23,58,cultivar,LB,0.0304
urb23,58,cultivar,SB,0.0566
urb23,58,cultivar,AGB,0.087
urb23,58,cultivar,BGB,0.013
urb23,81,cultivar,LB,0.4736
urb23,81,cultivar,SB,0.5804
urb23,81,cultivar,AGB,1.054
urb23,81,cultivar,BGB,0.3973
urb23,132,cultivar,LB,0.2197
urb23,132,cultivar,SB,0.1433
urb23,132,cultivar,AGB,0.363
urb23,132,cultivar,BGB,0.0946
urb23,143,cultivar,LB,0.4382
urb23,143,cultivar,SB,0.4069
urb23,143,cultivar,AGB,0.8451
urb23,143,cultivar,BGB,0.2858
urb23,178,cultivar,LB,0.4767
urb23,178,cultivar,SB,0.3949
urb23,178,cultivar,AGB,0.8716
urb23,178,cultivar,BGB,0.3398
urb23,228,cultivar,SB,0
urb23,228,cultivar,AGB,0
urb23,313,cultivar,LB,0.5104
urb23,313,cultivar,SB,0.4283
urb23,313,cultivar,AGB,0.9387
urb23,313,cultivar,BGB,0.3478
urb23,316,cultivar,LB,0.3109
urb23,316,cultivar,SB,0.263
urb23,316,cultivar,AGB,0.5739
urb23,316,cultivar,BGB,0.3208
urb23,418,cultivar,LB,1.0468
urb23,418,cultivar,SB,0.9637
urb23,418,cultivar,AGB,2.0105
urb23,418,cultivar,BGB,0.8855
urb23,528,cultivar,LB,0.8457
urb23,528,cultivar,SB,0.5924
urb23,528,cultivar,AGB,1.4381
urb23,528,cultivar,BGB,0.5936
urb23,542,cultivar,LB,0.5881
urb23,542,cultivar,SB,0.4541
urb23,542,cultivar,AGB,1.0422
urb23,542,cultivar,BGB,0.3134
urb23,601,cultivar,LB,0.7959
urb23,601,cultivar,SB,0.7378
urb23,601,cultivar,AGB,1.5337
urb23,601,cultivar,BGB,0.6625
urb23,604,cultivar,LB,1.7697
urb23,604,cultivar,SB,1.5173
urb23,604,cultivar,AGB,3.287
urb23,604,cultivar,BGB,1.3927
urb23,607,cultivar,SB,0
urb23,607,cultivar,AGB,0
urb23,645,cultivar,LB,0.2211
urb23,645,cultivar,SB,0.2258
urb23,645,cultivar,AGB,0.4469
urb23,645,cultivar,BGB,0.1399
urb29,56,cultivar,SB,0
urb29,56,cultivar,AGB,0
urb29,113,cultivar,LB,0.688
urb29,113,cultivar,SB,0.4997
urb29,113,cultivar,AGB,1.1877
urb29,113,cultivar,BGB,0.656
urb29,124,cultivar,LB,0.4305
urb29,124,cultivar,SB,0.3414
urb29,124,cultivar,AGB,0.7719
urb29,124,cultivar,BGB,0.2996
urb29,127,cultivar,SB,0
urb29,127,cultivar,AGB,0
urb29,158,cultivar,SB,0
urb29,158,cultivar,AGB,0
urb29,165,cultivar,LB,0.2827
urb29,165,cultivar,SB,0.3015
urb29,165,cultivar,AGB,0.5842
urb29,165,cultivar,BGB,0.2975
urb29,170,cultivar,SB,0
urb29,170,cultivar,AGB,0
urb29,282,cultivar,SB,0
urb29,282,cultivar,AGB,0
urb29,363,cultivar,LB,0.7447
urb29,363,cultivar,SB,0.485
urb29,363,cultivar,AGB,1.2297
urb29,363,cultivar,BGB,0.5161
urb29,394,cultivar,LB,0.6847
urb29,394,cultivar,SB,0.6148
urb29,394,cultivar,AGB,1.2995
urb29,394,cultivar,BGB,0.7018
urb29,400,cultivar,LB,0.9082
urb29,400,cultivar,SB,0.6412
urb29,400,cultivar,AGB,1.5494
urb29,400,cultivar,BGB,0.7657
urb29,504,cultivar,LB,0.0607
urb29,504,cultivar,SB,0.116
urb29,504,cultivar,AGB,0.1767
urb29,504,cultivar,BGB,0.0565
urb29,552,cultivar,LB,0.3099
urb29,552,cultivar,SB,0.1789
urb29,552,cultivar,AGB,0.4888
urb29,552,cultivar,BGB,0.2208
urb12,28,cultivar,SB,0
urb12,28,cultivar,AGB,0
urb12,32,cultivar,LB,0.1714
urb12,32,cultivar,SB,0.3407
urb12,32,cultivar,AGB,0.5121
urb12,32,cultivar,BGB,0.2348
urb12,36,cultivar,LB,0.3998
urb12,36,cultivar,SB,0.4157
urb12,36,cultivar,AGB,0.8155
urb12,36,cultivar,BGB,0.3064
urb12,66,cultivar,SB,0
urb12,66,cultivar,AGB,0
urb12,140,cultivar,SB,0
urb12,140,cultivar,AGB,0
urb12,148,cultivar,LB,0.4543
urb12,148,cultivar,SB,0.3266
urb12,148,cultivar,AGB,0.7809
urb12,148,cultivar,BGB,0.4233
urb12,164,cultivar,SB,0
urb12,164,cultivar,AGB,0
urb12,193,cultivar,LB,0.2187
urb12,193,cultivar,SB,0.1982
urb12,193,cultivar,AGB,0.4169
urb12,193,cultivar,BGB,0.2311
urb12,210,cultivar,LB,0.669
urb12,210,cultivar,SB,0.5546
urb12,210,cultivar,AGB,1.2236
urb12,210,cultivar,BGB,0.5707
urb12,227,cultivar,LB,0.3059
urb12,227,cultivar,SB,0.2762
urb12,227,cultivar,AGB,0.5821
urb12,227,cultivar,BGB,0.2123
urb12,246,cultivar,LB,0.1949
urb12,246,cultivar,SB,0.1824
urb12,246,cultivar,AGB,0.3773
urb12,246,cultivar,BGB,0.0754
urb12,256,cultivar,LB,0.1014
urb12,256,cultivar,SB,0.3196
urb12,256,cultivar,AGB,0.421
urb12,256,cultivar,BGB,0.3301
urb12,262,cultivar,SB,0
urb12,262,cultivar,AGB,0
urb12,266,cultivar,LB,0.3805
urb12,266,cultivar,SB,0.5893
urb12,266,cultivar,AGB,0.9698
urb12,266,cultivar,BGB,0.326
urb12,294,cultivar,LB,0.436
urb12,294,cultivar,SB,0.7662
urb12,294,cultivar,AGB,1.2022
urb12,294,cultivar,BGB,0.549
urb12,317,cultivar,SB,0
urb12,317,cultivar,AGB,0
urb12,319,cultivar,LB,0.4939
urb12,319,cultivar,SB,0.4187
urb12,319,cultivar,AGB,0.9126
urb12,319,cultivar,BGB,0.3542
urb12,324,cultivar,LB,0.4371
urb12,324,cultivar,SB,0.3497
urb12,324,cultivar,AGB,0.7868
urb12,324,cultivar,BGB,0.1949
urb12,437,cultivar,LB,0.2045
urb12,437,cultivar,SB,0.794
urb12,437,cultivar,AGB,0.9985
urb12,437,cultivar,BGB,0.5123
urb12,462,cultivar,SB,0
urb12,462,cultivar,AGB,0
urb12,465,cultivar,LB,0.6377
urb12,465,cultivar,SB,0.5473
urb12,465,cultivar,AGB,1.185
urb12,465,cultivar,BGB,0.5884
urb12,496,cultivar,SB,0
urb12,496,cultivar,AGB,0
urb12,593,cultivar,LB,1.4586
urb12,593,cultivar,SB,1.2428
urb12,593,cultivar,AGB,2.7014
urb12,593,cultivar,BGB,1.5864
urb12,639,cultivar,LB,0.5571
urb12,639,cultivar,SB,0.5163
urb12,639,cultivar,AGB,1.0734
urb12,639,cultivar,BGB,0.3479
urb12,640,cultivar,LB,0.1381
urb12,640,cultivar,SB,0.174
urb12,640,cultivar,AGB,0.3121
urb12,640,cultivar,BGB,0.1563
urb14,9,cultivar,LB,0.5331
urb14,9,cultivar,SB,0.5726
urb14,9,cultivar,AGB,1.1057
urb14,9,cultivar,BGB,0.4522
urb14,18,cultivar,LB,0.3776
urb14,18,cultivar,SB,0.395
urb14,18,cultivar,AGB,0.7726
urb14,18,cultivar,BGB,0.3399
urb14,35,cultivar,LB,0.2979
urb14,35,cultivar,SB,0.2269
urb14,35,cultivar,AGB,0.5248
urb14,35,cultivar,BGB,0.1745
urb14,117,cultivar,SB,0
urb14,117,cultivar,AGB,0
urb14,126,cultivar,LB,0.6847
urb14,126,cultivar,SB,0.5221
urb14,126,cultivar,AGB,1.2068
urb14,126,cultivar,BGB,0.3253
urb14,157,cultivar,LB,0.3452
urb14,157,cultivar,SB,0.2506
urb14,157,cultivar,AGB,0.5958
urb14,157,cultivar,BGB,0.2387
urb14,162,cultivar,LB,0.4527
urb14,162,cultivar,SB,0.3748
urb14,162,cultivar,AGB,0.8275
urb14,162,cultivar,BGB,0.4795
urb14,163,cultivar,LB,0.6805
urb14,163,cultivar,SB,0.5011
urb14,163,cultivar,AGB,1.1816
urb14,163,cultivar,BGB,0.4725
urb14,217,cultivar,LB,0.5385
urb14,217,cultivar,SB,0.4359
urb14,217,cultivar,AGB,0.9744
urb14,217,cultivar,BGB,0.3228
urb14,265,cultivar,LB,0.9344
urb14,265,cultivar,SB,0.8016
urb14,265,cultivar,AGB,1.736
urb14,265,cultivar,BGB,1.0128
urb14,293,cultivar,LB,0.102
urb14,293,cultivar,SB,0.244
urb14,293,cultivar,AGB,0.346
urb14,293,cultivar,BGB,0.118
urb14,395,cultivar,LB,1.0114
urb14,395,cultivar,SB,0.8438
urb14,395,cultivar,AGB,1.8552
urb14,395,cultivar,BGB,1.0045
urb14,428,cultivar,LB,0.1619
urb14,428,cultivar,SB,0.564
urb14,428,cultivar,AGB,0.7259
urb14,428,cultivar,BGB,0.4131
urb14,441,cultivar,LB,0.6976
urb14,441,cultivar,SB,0.5764
urb14,441,cultivar,AGB,1.274
urb14,441,cultivar,BGB,0.6121
urb14,453,cultivar,LB,0.7652
urb14,453,cultivar,SB,0.4948
urb14,453,cultivar,AGB,1.26
urb14,453,cultivar,BGB,0.5215
urb14,488,cultivar,LB,0.4864
urb14,488,cultivar,SB,0.4773
urb14,488,cultivar,AGB,0.9637
urb14,488,cultivar,BGB,0.351
urb14,497,cultivar,LB,0.6894
urb14,497,cultivar,SB,0.5141
urb14,497,cultivar,AGB,1.2035
urb14,497,cultivar,BGB,0.4797
urb14,499,cultivar,SB,0
urb14,499,cultivar,AGB,0
urb14,529,cultivar,LB,0.6547
urb14,529,cultivar,SB,0
urb14,529,cultivar,AGB,0.6547
urb14,529,cultivar,BGB,0.4298
urb14,587,cultivar,LB,0.2364
urb14,587,cultivar,SB,0.1994
urb14,587,cultivar,AGB,0.4358
urb14,587,cultivar,BGB,0.1167
urb14,600,cultivar,SB,0
urb14,600,cultivar,AGB,0
urb14,603,cultivar,LB,1.0454
urb14,603,cultivar,SB,0.5973
urb14,603,cultivar,AGB,1.6427
urb14,603,cultivar,BGB,0.6241
urb14,652,cultivar,LB,0.8563
urb14,652,cultivar,SB,0.7939
urb14,652,cultivar,AGB,1.6502
urb14,652,cultivar,BGB,0.7498
urb10,83,cultivar,SB,0
urb10,83,cultivar,AGB,0
urb10,93,cultivar,SB,0
urb10,93,cultivar,AGB,0
urb10,97,cultivar,LB,0.7795
urb10,97,cultivar,SB,0.3999
urb10,97,cultivar,AGB,1.1794
urb10,97,cultivar,BGB,0.6775
urb10,98,cultivar,LB,0.8871
urb10,98,cultivar,SB,0.7194
urb10,98,cultivar,AGB,1.6065
urb10,98,cultivar,BGB,0.8358
urb10,201,cultivar,LB,0.1425
urb10,201,cultivar,SB,0.1283
urb10,201,cultivar,AGB,0.2708
urb10,201,cultivar,BGB,0.0893
urb10,475,cultivar,LB,1.1302
urb10,475,cultivar,SB,0.8114
urb10,475,cultivar,AGB,1.9416
urb10,475,cultivar,BGB,0.9755
urb10,507,cultivar,LB,1.2847
urb10,507,cultivar,SB,0.9768
urb10,507,cultivar,AGB,2.2615
urb10,507,cultivar,BGB,1.0835
urb10,521,cultivar,SB,0
urb10,521,cultivar,AGB,0
urb10,523,cultivar,LB,1.0372
urb10,523,cultivar,SB,0.7285
urb10,523,cultivar,AGB,1.7657
urb10,523,cultivar,BGB,0.6748
urb10,530,cultivar,LB,0.7266
urb10,530,cultivar,SB,0.5989
urb10,530,cultivar,AGB,1.3255
urb10,530,cultivar,BGB,0.5425
urb10,547,cultivar,LB,2.1726
urb10,547,cultivar,SB,1.8929
urb10,547,cultivar,AGB,4.0655
urb10,547,cultivar,BGB,2.0916
urb10,562,cultivar,SB,0
urb10,562,cultivar,AGB,0
urb10,572,cultivar,LB,0.8245
urb10,572,cultivar,SB,0.8177
urb10,572,cultivar,AGB,1.6422
urb10,572,cultivar,BGB,0.8023
urb10,602,cultivar,LB,1.3933
urb10,602,cultivar,SB,0.9641
urb10,602,cultivar,AGB,2.3574
urb10,602,cultivar,BGB,1.4395
urb30,212,cultivar,SB,0
urb30,212,cultivar,AGB,0
urb30,272,cultivar,SB,0
urb30,272,cultivar,AGB,0
urb30,305,cultivar,LB,0.0568
urb30,305,cultivar,SB,0.2434
urb30,305,cultivar,AGB,0.3002
urb30,305,cultivar,BGB,0.0988
urb30,321,cultivar,LB,0.0304
urb30,321,cultivar,SB,0.2682
urb30,321,cultivar,AGB,0.2986
urb30,362,cultivar,SB,0
urb30,362,cultivar,AGB,0
urb30,447,cultivar,LB,0.5584
urb30,447,cultivar,SB,0.4266
urb30,447,cultivar,AGB,0.985
urb30,447,cultivar,BGB,0.3905
urb30,647,cultivar,LB,1.0992
urb30,647,cultivar,SB,0.883
urb30,647,cultivar,AGB,1.9822
urb30,647,cultivar,BGB,0.7477
urb07,3,cultivar,LB,0.3442
urb07,3,cultivar,SB,0.3415
urb07,3,cultivar,AGB,0.6857
urb07,3,cultivar,BGB,0.2252
urb07,38,cultivar,LB,0.7914
urb07,38,cultivar,SB,0.67
urb07,38,cultivar,AGB,1.4614
urb07,38,cultivar,BGB,0.8214
urb07,54,cultivar,LB,0.253
urb07,54,cultivar,SB,0.2858
urb07,54,cultivar,AGB,0.5388
urb07,54,cultivar,BGB,0.2233
urb07,92,cultivar,LB,0.7459
urb07,92,cultivar,SB,0.4949
urb07,92,cultivar,AGB,1.2408
urb07,92,cultivar,BGB,0.4786
urb07,106,cultivar,LB,0.679
urb07,106,cultivar,SB,0.5357
urb07,106,cultivar,AGB,1.2147
urb07,106,cultivar,BGB,0.4133
urb07,125,cultivar,LB,0.4793
urb07,125,cultivar,SB,0.4168
urb07,125,cultivar,AGB,0.8961
urb07,125,cultivar,BGB,0.31
urb07,167,cultivar,LB,0.4007
urb07,167,cultivar,SB,0.3463
urb07,167,cultivar,AGB,0.747
urb07,167,cultivar,BGB,0.4792
urb07,232,cultivar,SB,0
urb07,232,cultivar,AGB,0
urb07,286,cultivar,LB,0.2864
urb07,286,cultivar,SB,0.28
urb07,286,cultivar,AGB,0.5664
urb07,286,cultivar,BGB,0.2624
urb07,290,cultivar,LB,0.8323
urb07,290,cultivar,SB,0.6422
urb07,290,cultivar,AGB,1.4745
urb07,290,cultivar,BGB,0.6127
urb07,302,cultivar,LB,0.7605
urb07,302,cultivar,SB,0.5171
urb07,302,cultivar,AGB,1.2776
urb07,302,cultivar,BGB,0.5015
urb07,337,cultivar,LB,0.4681
urb07,337,cultivar,SB,0.3875
urb07,337,cultivar,AGB,0.8556
urb07,337,cultivar,BGB,0.3986
urb07,367,cultivar,LB,0.7672
urb07,367,cultivar,SB,0.6084
urb07,367,cultivar,AGB,1.3756
urb07,367,cultivar,BGB,0.4048
urb07,370,cultivar,LB,0.0706
urb07,370,cultivar,SB,0.1582
urb07,370,cultivar,AGB,0.2288
urb07,370,cultivar,BGB,0.0911
urb07,413,cultivar,LB,0.5112
urb07,413,cultivar,SB,0.3816
urb07,413,cultivar,AGB,0.8928
urb07,413,cultivar,BGB,0.438
urb07,417,cultivar,SB,0
urb07,417,cultivar,AGB,0
urb07,444,cultivar,LB,0.4206
urb07,444,cultivar,SB,0.4005
urb07,444,cultivar,AGB,0.8211
urb07,444,cultivar,BGB,0.4405
urb07,456,cultivar,LB,1.1126
urb07,456,cultivar,SB,0.8919
urb07,456,cultivar,AGB,2.0045
urb07,456,cultivar,BGB,1.2643
urb07,464,cultivar,SB,0
urb07,464,cultivar,AGB,0
urb07,555,cultivar,SB,0
urb07,555,cultivar,AGB,0
urb07,567,cultivar,LB,0.7747
urb07,567,cultivar,SB,0.5968
urb07,567,cultivar,AGB,1.3715
urb07,567,cultivar,BGB,0.4672
urb07,574,cultivar,LB,0.274
urb07,574,cultivar,SB,0.3058
urb07,574,cultivar,AGB,0.5798
urb07,574,cultivar,BGB,0.173
urb07,581,cultivar,LB,0.9555
urb07,581,cultivar,SB,0.8104
urb07,581,cultivar,AGB,1.7659
urb07,581,cultivar,BGB,0.8067
urb07,586,cultivar,LB,0.1595
urb07,586,cultivar,SB,0.1538
urb07,586,cultivar,AGB,0.3133
urb07,586,cultivar,BGB,0.0606
urb25,88,cultivar,LB,0.6476
urb25,88,cultivar,SB,0.4437
urb25,88,cultivar,AGB,1.0913
urb25,88,cultivar,BGB,0.5383
urb25,173,cultivar,LB,0.723
urb25,173,cultivar,SB,0.6508
urb25,173,cultivar,AGB,1.3738
urb25,173,cultivar,BGB,0.5327
urb25,192,cultivar,LB,0.6174
urb25,192,cultivar,SB,0.5131
urb25,192,cultivar,AGB,1.1305
urb25,192,cultivar,BGB,0.7358
urb25,198,cultivar,LB,0.2297
urb25,198,cultivar,SB,0.3
urb25,198,cultivar,AGB,0.5297
urb25,198,cultivar,BGB,0.4808
urb25,204,cultivar,SB,0
urb25,204,cultivar,AGB,0
urb25,257,cultivar,SB,0
urb25,257,cultivar,AGB,0
urb25,274,cultivar,SB,0
urb25,274,cultivar,AGB,0
urb25,335,cultivar,LB,0.8239
urb25,335,cultivar,SB,0.6796
urb25,335,cultivar,AGB,1.5035
urb25,335,cultivar,BGB,0.8518
urb25,344,cultivar,LB,0.3353
urb25,344,cultivar,SB,0.2485
urb25,344,cultivar,AGB,0.5838
urb25,344,cultivar,BGB,0.3181
urb25,348,cultivar,LB,0.3337
urb25,348,cultivar,SB,0.2427
urb25,348,cultivar,AGB,0.5764
urb25,348,cultivar,BGB,0.2961
urb25,371,cultivar,LB,0.153
urb25,371,cultivar,SB,0.3537
urb25,371,cultivar,AGB,0.5067
urb25,371,cultivar,BGB,0.2418
urb25,374,cultivar,LB,0.4913
urb25,374,cultivar,SB,0.593
urb25,374,cultivar,AGB,1.0843
urb25,374,cultivar,BGB,0.4125
urb25,403,cultivar,LB,0.3673
urb25,403,cultivar,SB,0.4291
urb25,403,cultivar,AGB,0.7964
urb25,403,cultivar,BGB,0.1866
urb25,412,cultivar,LB,0.4024
urb25,412,cultivar,SB,0.3074
urb25,412,cultivar,AGB,0.7098
urb25,412,cultivar,BGB,0.2651
urb25,415,cultivar,LB,0.4145
urb25,415,cultivar,SB,0.5184
urb25,415,cultivar,AGB,0.9329
urb25,415,cultivar,BGB,0.557
urb25,442,cultivar,LB,0.861
urb25,442,cultivar,SB,1.0985
urb25,442,cultivar,AGB,1.9595
urb25,442,cultivar,BGB,1.1652
urb25,452,cultivar,SB,0
urb25,452,cultivar,AGB,0
urb25,458,cultivar,LB,0.1106
urb25,458,cultivar,SB,0.3214
urb25,458,cultivar,AGB,0.432
urb25,458,cultivar,BGB,0.238
urb25,478,cultivar,LB,0.11
urb25,478,cultivar,SB,1.4112
urb25,478,cultivar,AGB,1.5212
urb25,478,cultivar,BGB,1.3313
urb25,486,cultivar,LB,0.8956
urb25,486,cultivar,SB,0.5708
urb25,486,cultivar,AGB,1.4664
urb25,486,cultivar,BGB,0.704
urb25,518,cultivar,LB,0.7514
urb25,518,cultivar,SB,0.5884
urb25,518,cultivar,AGB,1.3398
urb25,518,cultivar,BGB,0.7167
urb25,590,cultivar,LB,1.602
urb25,590,cultivar,SB,1.6633
urb25,590,cultivar,AGB,3.2653
urb25,590,cultivar,BGB,1.4425
urb32,42,cultivar,LB,0.4888
urb32,42,cultivar,SB,0.5001
urb32,42,cultivar,AGB,0.9889
urb32,42,cultivar,BGB,0.4079
urb32,45,cultivar,LB,1.0948
urb32,45,cultivar,SB,0.8478
urb32,45,cultivar,AGB,1.9426
urb32,45,cultivar,BGB,0.7824
urb32,53,cultivar,LB,0.1376
urb32,53,cultivar,SB,0.183
urb32,53,cultivar,AGB,0.3206
urb32,53,cultivar,BGB,0.1185
urb32,64,cultivar,LB,0.9008
urb32,64,cultivar,SB,0.6012
urb32,64,cultivar,AGB,1.502
urb32,64,cultivar,BGB,0.6098
urb32,72,cultivar,LB,0.8675
urb32,72,cultivar,SB,0.5172
urb32,72,cultivar,AGB,1.3847
urb32,72,cultivar,BGB,0.4733
urb32,189,cultivar,LB,0.4355
urb32,189,cultivar,SB,0.4071
urb32,189,cultivar,AGB,0.8426
urb32,189,cultivar,BGB,0.315
urb32,208,cultivar,LB,0.7752
urb32,208,cultivar,SB,0.4887
urb32,208,cultivar,AGB,1.2639
urb32,208,cultivar,BGB,0.4952
urb32,264,cultivar,LB,0.4658
urb32,264,cultivar,SB,0.4651
urb32,264,cultivar,AGB,0.9309
urb32,264,cultivar,BGB,0.2982
urb32,336,cultivar,SB,0
urb32,336,cultivar,AGB,0
urb32,350,cultivar,LB,0.44
urb32,350,cultivar,SB,0.6398
urb32,350,cultivar,AGB,1.0798
urb32,350,cultivar,BGB,0.5504
urb32,366,cultivar,LB,0.5427
urb32,366,cultivar,SB,0.7391
urb32,366,cultivar,AGB,1.2818
urb32,366,cultivar,BGB,0.6652
urb32,378,cultivar,LB,0.6256
urb32,378,cultivar,SB,0.4871
urb32,378,cultivar,AGB,1.1127
urb32,378,cultivar,BGB,0.2862
urb32,379,cultivar,LB,0.9808
urb32,379,cultivar,SB,0.4462
urb32,379,cultivar,AGB,1.427
urb32,379,cultivar,BGB,0.4587
urb32,382,cultivar,LB,0.7261
urb32,382,cultivar,SB,0.5237
urb32,382,cultivar,AGB,1.2498
urb32,382,cultivar,BGB,0.5551
urb32,390,cultivar,LB,0.4326
urb32,390,cultivar,SB,0.3706
urb32,390,cultivar,AGB,0.8032
urb32,390,cultivar,BGB,0.3007
urb32,420,cultivar,LB,0.5682
urb32,420,cultivar,SB,0.3704
urb32,420,cultivar,AGB,0.9386
urb32,420,cultivar,BGB,0.2265
urb32,550,cultivar,LB,1.8338
urb32,550,cultivar,SB,1.5208
urb32,550,cultivar,AGB,3.3546
urb32,550,cultivar,BGB,1.034
urb32,618,cultivar,LB,0.3795
urb32,618,cultivar,SB,0.5036
urb32,618,cultivar,AGB,0.8831
urb32,618,cultivar,BGB,0.2957
urb32,635,cultivar,LB,0.8733
urb32,635,cultivar,SB,0.7218
urb32,635,cultivar,AGB,1.5951
urb32,635,cultivar,BGB,0.7472
urb32,658,cultivar,LB,0.2533
urb32,658,cultivar,SB,0.2125
urb32,658,cultivar,AGB,0.4658
urb32,658,cultivar,BGB,0.2123
urb28,27,cultivar,LB,0.1464
urb28,27,cultivar,SB,0.6822
urb28,27,cultivar,AGB,0.8286
urb28,27,cultivar,BGB,0.5334
urb28,39,cultivar,LB,0.644
urb28,39,cultivar,SB,0.5152
urb28,39,cultivar,AGB,1.1592
urb28,39,cultivar,BGB,0.5662
urb28,49,cultivar,LB,1.029
urb28,49,cultivar,SB,0.644
urb28,49,cultivar,AGB,1.673
urb28,49,cultivar,BGB,0.6927
urb28,50,cultivar,LB,0.2743
urb28,50,cultivar,SB,0.3727
urb28,50,cultivar,AGB,0.647
urb28,50,cultivar,BGB,0.4228
urb28,62,cultivar,LB,0.8972
urb28,62,cultivar,SB,0.8496
urb28,62,cultivar,AGB,1.7468
urb28,62,cultivar,BGB,0.7813
urb28,75,cultivar,LB,0.166
urb28,75,cultivar,SB,0.1549
urb28,75,cultivar,AGB,0.3209
urb28,75,cultivar,BGB,0.1357
urb28,77,cultivar,SB,0
urb28,77,cultivar,AGB,0
urb28,103,cultivar,LB,0.4817
urb28,103,cultivar,SB,0.3847
urb28,103,cultivar,AGB,0.8664
urb28,103,cultivar,BGB,0.3523
urb28,118,cultivar,LB,0.8942
urb28,118,cultivar,SB,0.874
urb28,118,cultivar,AGB,1.7682
urb28,118,cultivar,BGB,0.7434
urb28,171,cultivar,LB,0.2564
urb28,171,cultivar,SB,0.25
urb28,171,cultivar,AGB,0.5064
urb28,171,cultivar,BGB,0.2227
urb28,205,cultivar,LB,0.738
urb28,205,cultivar,SB,0.5415
urb28,205,cultivar,AGB,1.2795
urb28,205,cultivar,BGB,0.6141
urb28,240,cultivar,SB,0
urb28,240,cultivar,AGB,0
urb28,295,cultivar,LB,0.0019
urb28,295,cultivar,SB,0.1163
urb28,295,cultivar,AGB,0.1182
urb28,295,cultivar,BGB,0.0443
urb28,318,cultivar,LB,0.0602
urb28,318,cultivar,SB,0.1037
urb28,318,cultivar,AGB,0.1639
urb28,318,cultivar,BGB,0.0603
urb28,342,cultivar,LB,0.1856
urb28,342,cultivar,SB,0.3004
urb28,342,cultivar,AGB,0.486
urb28,342,cultivar,BGB,0.1364
urb28,369,cultivar,LB,0.4661
urb28,369,cultivar,SB,0.4939
urb28,369,cultivar,AGB,0.96
urb28,369,cultivar,BGB,0.4438
urb28,387,cultivar,LB,0.4768
urb28,387,cultivar,SB,0.5632
urb28,387,cultivar,AGB,1.04
urb28,387,cultivar,BGB,0.5592
urb28,474,cultivar,LB,0.4224
urb28,474,cultivar,SB,0.7675
urb28,474,cultivar,AGB,1.1899
urb28,474,cultivar,BGB,0.6857
urb28,506,cultivar,LB,0.3911
urb28,506,cultivar,SB,0.558
urb28,506,cultivar,AGB,0.9491
urb28,506,cultivar,BGB,0.5855
urb28,512,cultivar,LB,0.442
urb28,512,cultivar,SB,0.4589
urb28,512,cultivar,AGB,0.9009
urb28,512,cultivar,BGB,0.6458
urb28,541,cultivar,LB,0.4848
urb28,541,cultivar,SB,0.3999
urb28,541,cultivar,AGB,0.8847
urb28,541,cultivar,BGB,0.3267
urb28,660,cultivar,LB,0.3554
urb28,660,cultivar,SB,0.3151
urb28,660,cultivar,AGB,0.6705
urb28,660,cultivar,BGB,0.271
urb13,7,cultivar,SB,0
urb13,7,cultivar,AGB,0
urb13,12,cultivar,LB,0.4838
urb13,12,cultivar,SB,0.5331
urb13,12,cultivar,AGB,1.0169
urb13,12,cultivar,BGB,0.3805
urb13,82,cultivar,LB,0.474
urb13,82,cultivar,SB,0.4407
urb13,82,cultivar,AGB,0.9147
urb13,82,cultivar,BGB,0.5036
urb13,120,cultivar,LB,0.5256
urb13,120,cultivar,SB,0.4569
urb13,120,cultivar,AGB,0.9825
urb13,120,cultivar,BGB,0.6444
urb13,156,cultivar,LB,1.2294
urb13,156,cultivar,SB,0.9887
urb13,156,cultivar,AGB,2.2181
urb13,156,cultivar,BGB,0.8098
urb13,245,cultivar,LB,0.001
urb13,245,cultivar,SB,0.1948
urb13,245,cultivar,AGB,0.1958
urb13,245,cultivar,BGB,0.134
urb13,258,cultivar,SB,0
urb13,258,cultivar,AGB,0
urb13,277,cultivar,LB,0.8034
urb13,277,cultivar,SB,0.8373
urb13,277,cultivar,AGB,1.6407
urb13,277,cultivar,BGB,0.844
urb13,292,cultivar,LB,0.2276
urb13,292,cultivar,SB,0.3388
urb13,292,cultivar,AGB,0.5664
urb13,292,cultivar,BGB,0.3484
urb13,315,cultivar,LB,0.65
urb13,315,cultivar,SB,0.5325
urb13,315,cultivar,AGB,1.1825
urb13,315,cultivar,BGB,0.666
urb13,411,cultivar,LB,0.1684
urb13,411,cultivar,SB,0.4255
urb13,411,cultivar,AGB,0.5939
urb13,411,cultivar,BGB,0.2981
urb13,477,cultivar,SB,0
urb13,477,cultivar,AGB,0
urb13,531,cultivar,SB,0
urb13,531,cultivar,AGB,0
urb13,637,cultivar,LB,0.2532
urb13,637,cultivar,SB,0.326
urb13,637,cultivar,AGB,0.5792
urb13,637,cultivar,BGB,0.2749
urb13,654,cultivar,LB,0.2133
urb13,654,cultivar,SB,0.4029
urb13,654,cultivar,AGB,0.6162
urb13,654,cultivar,BGB,0.2107
urb02,174,cultivar,SB,0
urb02,174,cultivar,AGB,0
urb02,177,cultivar,SB,0
urb02,177,cultivar,AGB,0
urb02,215,cultivar,SB,0
urb02,215,cultivar,AGB,0
urb02,249,cultivar,LB,0.4285
urb02,249,cultivar,SB,0.3073
urb02,249,cultivar,AGB,0.7358
urb02,249,cultivar,BGB,0.3713
urb02,283,cultivar,LB,0.1384
urb02,283,cultivar,SB,0.146
urb02,283,cultivar,AGB,0.2844
urb02,283,cultivar,BGB,0.0757
urb02,419,cultivar,LB,0.3346
urb02,419,cultivar,SB,0.252
urb02,419,cultivar,AGB,0.5866
urb02,419,cultivar,BGB,0.2187
urb02,466,cultivar,LB,0.1755
urb02,466,cultivar,SB,0.1988
urb02,466,cultivar,AGB,0.3743
urb02,466,cultivar,BGB,0.2033
urb26,104,cultivar,SB,0
urb26,104,cultivar,AGB,0
urb26,109,cultivar,LB,0.1388
urb26,109,cultivar,SB,0.1437
urb26,109,cultivar,AGB,0.2825
urb26,109,cultivar,BGB,0.0776
urb26,180,cultivar,LB,0.4538
urb26,180,cultivar,SB,0.4941
urb26,180,cultivar,AGB,0.9479
urb26,180,cultivar,BGB,0.5347
urb26,268,cultivar,LB,0.0271
urb26,268,cultivar,SB,0.3344
urb26,268,cultivar,AGB,0.3615
urb26,268,cultivar,BGB,0.2191
urb26,273,cultivar,SB,0
urb26,273,cultivar,AGB,0
urb26,320,cultivar,LB,1.085
urb26,320,cultivar,SB,0.8577
urb26,320,cultivar,AGB,1.9427
urb26,320,cultivar,BGB,1.1266
urb26,356,cultivar,LB,0.3697
urb26,356,cultivar,SB,1.1557
urb26,356,cultivar,AGB,1.5254
urb26,356,cultivar,BGB,1.5767
urb26,386,cultivar,LB,0.0235
urb26,386,cultivar,SB,0.1001
urb26,386,cultivar,AGB,0.1236
urb26,386,cultivar,BGB,0.0455
urb26,392,cultivar,LB,0.4369
urb26,392,cultivar,SB,0.3261
urb26,392,cultivar,AGB,0.763
urb26,392,cultivar,BGB,0.3658
urb26,427,cultivar,LB,0.4074
urb26,427,cultivar,SB,0.3337
urb26,427,cultivar,AGB,0.7411
urb26,427,cultivar,BGB,0.2948
urb26,502,cultivar,LB,0.8563
urb26,502,cultivar,SB,0.7988
urb26,502,cultivar,AGB,1.6551
urb26,502,cultivar,BGB,0.7406
urb26,525,cultivar,LB,1.2699
urb26,525,cultivar,SB,0.8847
urb26,525,cultivar,AGB,2.1546
urb26,525,cultivar,BGB,0.7105
urb26,551,cultivar,LB,0.8318
urb26,551,cultivar,SB,0.6283
urb26,551,cultivar,AGB,1.4601
urb26,551,cultivar,BGB,0.6806
urb26,578,cultivar,LB,1.0587
urb26,578,cultivar,SB,0.7622
urb26,578,cultivar,AGB,1.8209
urb26,578,cultivar,BGB,0.496
urb26,624,cultivar,LB,1.3359
urb26,624,cultivar,SB,0.9152
urb26,624,cultivar,AGB,2.2511
urb26,624,cultivar,BGB,0.9099
urb26,633,cultivar,LB,1.1479
urb26,633,cultivar,SB,1.0648
urb26,633,cultivar,AGB,2.2127
urb26,633,cultivar,BGB,1.0289
urb26,661,cultivar,LB,0.5487
urb26,661,cultivar,SB,0.6144
urb26,661,cultivar,AGB,1.1631
urb26,661,cultivar,BGB,0.5048
urb09,1,cultivar,LB,1.2077
urb09,1,cultivar,SB,1.614
urb09,1,cultivar,AGB,2.8217
urb09,1,cultivar,BGB,1.1891
urb09,11,cultivar,LB,1.2115
urb09,11,cultivar,SB,0.9509
urb09,11,cultivar,AGB,2.1624
urb09,11,cultivar,BGB,0.6543
urb09,13,cultivar,LB,1.1833
urb09,13,cultivar,SB,1.3412
urb09,13,cultivar,AGB,2.5245
urb09,13,cultivar,BGB,1.0275
urb09,21,cultivar,LB,1.933
urb09,21,cultivar,SB,2.1781
urb09,21,cultivar,AGB,4.1111
urb09,21,cultivar,BGB,2.1938
urb09,107,cultivar,LB,0.6068
urb09,107,cultivar,SB,0.4963
urb09,107,cultivar,AGB,1.1031
urb09,107,cultivar,BGB,0.4061
urb09,112,cultivar,LB,1.5537
urb09,112,cultivar,SB,1.5511
urb09,112,cultivar,AGB,3.1048
urb09,112,cultivar,BGB,1.1799
urb09,123,cultivar,LB,1.0828
urb09,123,cultivar,SB,0.6933
urb09,123,cultivar,AGB,1.7761
urb09,123,cultivar,BGB,0.747
urb09,130,cultivar,LB,1.13
urb09,130,cultivar,SB,1.2611
urb09,130,cultivar,AGB,2.3911
urb09,130,cultivar,BGB,1.0511
urb09,136,cultivar,LB,0.9719
urb09,136,cultivar,SB,0.9695
urb09,136,cultivar,AGB,1.9414
urb09,136,cultivar,BGB,0.9727
urb09,161,cultivar,LB,0.5688
urb09,161,cultivar,SB,0.5173
urb09,161,cultivar,AGB,1.0861
urb09,161,cultivar,BGB,0.4984
urb09,166,cultivar,LB,0.1716
urb09,166,cultivar,SB,0.3536
urb09,166,cultivar,AGB,0.5252
urb09,166,cultivar,BGB,0.1494
urb09,168,cultivar,LB,0.3863
urb09,168,cultivar,SB,0.3787
urb09,168,cultivar,AGB,0.765
urb09,168,cultivar,BGB,0.4282
urb09,235,cultivar,LB,1.701
urb09,235,cultivar,SB,1.11
urb09,235,cultivar,AGB,2.811
urb09,235,cultivar,BGB,1.5822
urb09,281,cultivar,LB,1.6478
urb09,281,cultivar,SB,1.8029
urb09,281,cultivar,AGB,3.4507
urb09,281,cultivar,BGB,1.4537
urb09,306,cultivar,LB,0.5076
urb09,306,cultivar,SB,0.5528
urb09,306,cultivar,AGB,1.0604
urb09,306,cultivar,BGB,0.3985
urb09,323,cultivar,LB,1.0378
urb09,323,cultivar,SB,0.8415
urb09,323,cultivar,AGB,1.8793
urb09,323,cultivar,BGB,0.8913
urb09,368,cultivar,LB,3.2167
urb09,368,cultivar,SB,2.5949
urb09,368,cultivar,AGB,5.8116
urb09,368,cultivar,BGB,2.6936
urb09,381,cultivar,LB,1.4103
urb09,381,cultivar,SB,1.2286
urb09,381,cultivar,AGB,2.6389
urb09,381,cultivar,BGB,1.3834
urb09,384,cultivar,LB,0.1731
urb09,384,cultivar,SB,0.1716
urb09,384,cultivar,AGB,0.3447
urb09,384,cultivar,BGB,0.0586
urb09,407,cultivar,LB,3.517
urb09,407,cultivar,SB,2.947
urb09,407,cultivar,AGB,6.464
urb09,407,cultivar,BGB,2.6426
urb09,493,cultivar,LB,1.5211
urb09,493,cultivar,SB,1.2948
urb09,493,cultivar,AGB,2.8159
urb09,493,cultivar,BGB,1.3685
urb09,508,cultivar,LB,0.7411
urb09,508,cultivar,SB,0.6019
urb09,508,cultivar,AGB,1.343
urb09,508,cultivar,BGB,0.7132
urb09,540,cultivar,LB,1.4398
urb09,540,cultivar,SB,1.3227
urb09,540,cultivar,AGB,2.7625
urb09,540,cultivar,BGB,1.571
urb09,554,cultivar,LB,0.5693
urb09,554,cultivar,SB,1.7995
urb09,554,cultivar,AGB,2.3688
urb09,554,cultivar,BGB,1.6056
urb09,579,cultivar,LB,1.0455
urb09,579,cultivar,SB,0.9053
urb09,579,cultivar,AGB,1.9508
urb09,579,cultivar,BGB,1.0096
urb09,623,cultivar,LB,2.1808
urb09,623,cultivar,SB,1.9234
urb09,623,cultivar,AGB,4.1042
urb09,623,cultivar,BGB,1.5548
nat23,2,native,LB,0.6365
nat23,2,native,SB,0.5933
nat23,2,native,AGB,1.2298
nat23,2,native,BGB,0.3392
nat27,4,native,LB,0.3313
nat27,4,native,SB,0.236
nat27,4,native,AGB,0.5673
nat27,4,native,BGB,0.3117
nat29,5,native,LB,0.195
nat29,5,native,SB,0.3337
nat29,5,native,AGB,0.5287
nat29,5,native,BGB,0.3106
nat22,6,native,SB,0
nat22,6,native,AGB,0
nat24,8,native,SB,0
nat24,8,native,AGB,0
nat26,16,native,LB,0.035
nat26,16,native,SB,0.716
nat26,16,native,AGB,0.751
nat26,16,native,BGB,0.0487
nat19,22,native,LB,0.1566
nat19,22,native,SB,0.3427
nat19,22,native,AGB,0.4993
nat19,22,native,BGB,0.2097
nat27,23,native,SB,0
nat27,23,native,AGB,0
nat22,25,native,LB,0.3058
nat22,25,native,SB,0.3492
nat22,25,native,AGB,0.655
nat22,25,native,BGB,0.3959
nat19,33,native,LB,0.1108
nat19,33,native,SB,0.1179
nat19,33,native,AGB,0.2287
nat19,33,native,BGB,0.0857
nat19,40,native,SB,0
nat19,40,native,AGB,0
nat19,46,native,LB,0.5166
nat19,46,native,SB,0.3616
nat19,46,native,AGB,0.8782
nat19,46,native,BGB,0.3956
nat26,47,native,LB,0.5809
nat26,47,native,SB,0.3847
nat26,47,native,AGB,0.9656
nat26,47,native,BGB,0.2841
nat27,57,native,LB,0.1676
nat27,57,native,SB,0.1429
nat27,57,native,AGB,0.3105
nat27,57,native,BGB,0.0967
nat19,65,native,SB,0
nat19,65,native,AGB,0
nat21,68,native,LB,0.3709
nat21,68,native,SB,0.3431
nat21,68,native,AGB,0.714
nat21,68,native,BGB,0.4063
nat19,74,native,SB,0
nat19,74,native,AGB,0
nat19,76,native,LB,0.4661
nat19,76,native,SB,0.3651
nat19,76,native,AGB,0.8312
nat19,76,native,BGB,0.254
nat24,90,native,LB,0.472
nat24,90,native,SB,0.5786
nat24,90,native,AGB,1.0506
nat24,90,native,BGB,0.4244
nat19,94,native,SB,0
nat19,94,native,AGB,0
nat29,99,native,LB,0.1991
nat29,99,native,SB,0.1533
nat29,99,native,AGB,0.3524
nat29,99,native,BGB,0.176
nat19,100,native,LB,0.0105
nat19,100,native,SB,0.0262
nat19,100,native,AGB,0.0367
nat19,100,native,BGB,0.0055
nat22,101,native,LB,0.2525
nat22,101,native,SB,0.1745
nat22,101,native,AGB,0.427
nat22,101,native,BGB,0.2097
nat22,119,native,LB,0.2426
nat22,119,native,SB,0.279
nat22,119,native,AGB,0.5216
nat22,119,native,BGB,0.2492
nat29,122,native,LB,0.9231
nat29,122,native,SB,0.6589
nat29,122,native,AGB,1.582
nat29,122,native,BGB,0.9204
nat29,137,native,LB,0.2915
nat29,137,native,SB,0.2664
nat29,137,native,AGB,0.5579
nat29,137,native,BGB,0.2493
nat29,139,native,LB,0.2949
nat29,139,native,SB,0.3027
nat29,139,native,AGB,0.5976
nat29,139,native,BGB,0.2064
nat27,141,native,SB,0
nat27,141,native,AGB,0
nat22,142,native,LB,0.5291
nat22,142,native,SB,0.3725
nat22,142,native,AGB,0.9016
nat22,142,native,BGB,0.5546
nat24,147,native,LB,0.2995
nat24,147,native,SB,0.2611
nat24,147,native,AGB,0.5606
nat24,147,native,BGB,0.2354
nat26,151,native,LB,0.5214
nat26,151,native,SB,0.5958
nat26,151,native,AGB,1.1172
nat26,151,native,BGB,0.5508
nat27,152,native,LB,0.2502
nat27,152,native,SB,0.2039
nat27,152,native,AGB,0.4541
nat27,152,native,BGB,0.2231
nat29,153,native,LB,1.1523
nat29,153,native,SB,0.7573
nat29,153,native,AGB,1.9096
nat29,153,native,BGB,1.0778
nat22,176,native,SB,0
nat22,176,native,AGB,0
nat27,181,native,LB,0.7013
nat27,181,native,SB,0.487
nat27,181,native,AGB,1.1883
nat27,181,native,BGB,0.689
nat26,182,native,LB,0.9307
nat26,182,native,SB,0.6941
nat26,182,native,AGB,1.6248
nat26,182,native,BGB,0.911
nat19,183,native,LB,0.1412
nat19,183,native,SB,0.1696
nat19,183,native,AGB,0.3108
nat19,183,native,BGB,0.6146
nat19,185,native,LB,0.4774
nat19,185,native,SB,0.3959
nat19,185,native,AGB,0.8733
nat19,185,native,BGB,0.5521
nat27,186,native,SB,0
nat27,186,native,AGB,0
nat25,187,native,LB,0.2099
nat25,187,native,SB,0.1803
nat25,187,native,AGB,0.3902
nat25,187,native,BGB,0.2638
nat29,188,native,LB,0.2134
nat29,188,native,SB,0.2197
nat29,188,native,AGB,0.4331
nat29,188,native,BGB,0.2484
nat19,190,native,LB,0.4302
nat19,190,native,SB,0.3558
nat19,190,native,AGB,0.786
nat19,190,native,BGB,0.2271
nat22,191,native,LB,0.02
nat22,191,native,SB,0.043
nat22,191,native,AGB,0.063
nat22,191,native,BGB,0.0321
nat29,194,native,LB,0.5903
nat29,194,native,SB,0.3899
nat29,194,native,AGB,0.9802
nat29,194,native,BGB,0.6215
nat22,199,native,LB,0.2563
nat22,199,native,SB,0.2375
nat22,199,native,AGB,0.4938
nat22,199,native,BGB,0.4014
nat19,202,native,SB,0
nat19,202,native,AGB,0
nat27,206,native,LB,0.0317
nat27,206,native,SB,0.0701
nat27,206,native,AGB,0.1018
nat27,206,native,BGB,0.0284
nat23,216,native,LB,0.2862
nat23,216,native,SB,0.2138
nat23,216,native,AGB,0.5
nat23,216,native,BGB,0.1475
nat19,223,native,LB,0.1778
nat19,223,native,SB,0.3746
nat19,223,native,AGB,0.5524
nat19,223,native,BGB,0.2584
nat19,224,native,SB,0
nat19,224,native,AGB,0
nat19,241,native,SB,0
nat19,241,native,AGB,0
nat23,244,native,LB,0.2609
nat23,244,native,SB,0.2769
nat23,244,native,AGB,0.5378
nat23,244,native,BGB,0.1994
nat22,254,native,LB,0.4582
nat22,254,native,SB,0.6156
nat22,254,native,AGB,1.0738
nat22,254,native,BGB,0.6203
nat23,259,native,LB,0.4185
nat23,259,native,SB,0.4203
nat23,259,native,AGB,0.8388
nat23,259,native,BGB,0.3514
nat27,260,native,LB,0.3711
nat27,260,native,SB,0.2397
nat27,260,native,AGB,0.6108
nat27,260,native,BGB,0.2722
nat27,263,native,SB,0
nat27,263,native,AGB,0
nat26,269,native,LB,0.105
nat26,269,native,SB,0.1663
nat26,269,native,AGB,0.2713
nat26,269,native,BGB,0.0255
nat19,270,native,LB,0.3316
nat19,270,native,SB,0.339
nat19,270,native,AGB,0.6706
nat19,270,native,BGB,0.2418
nat19,275,native,LB,0.5398
nat19,275,native,SB,0.6411
nat19,275,native,AGB,1.1809
nat19,275,native,BGB,0.5879
nat19,296,native,SB,0
nat19,296,native,AGB,0
nat25,299,native,LB,0.1578
nat25,299,native,SB,0.1494
nat25,299,native,AGB,0.3072
nat25,299,native,BGB,0.0791
nat20,301,native,LB,0.1717
nat20,301,native,SB,0.2138
nat20,301,native,AGB,0.3855
nat20,301,native,BGB,0.133
nat23,309,native,LB,0.1255
nat23,309,native,SB,0.1155
nat23,309,native,AGB,0.241
nat23,309,native,BGB,0.0911
nat26,310,native,LB,0.2402
nat26,310,native,SB,0.2389
nat26,310,native,AGB,0.4791
nat26,310,native,BGB,0.1967
nat21,332,native,LB,0.3187
nat21,332,native,SB,0.3302
nat21,332,native,AGB,0.6489
nat21,332,native,BGB,0.3093
nat21,333,native,LB,0.1072
nat21,333,native,SB,0.188
nat21,333,native,AGB,0.2952
nat21,333,native,BGB,0.0773
nat23,334,native,SB,0
nat23,334,native,AGB,0
nat26,338,native,LB,0.2214
nat26,338,native,SB,0.1731
nat26,338,native,AGB,0.3945
nat26,338,native,BGB,0.2444
nat27,341,native,SB,0
nat27,341,native,AGB,0
nat26,345,native,LB,0.3065
nat26,345,native,SB,0.2635
nat26,345,native,AGB,0.57
nat26,345,native,BGB,0.2048
nat27,347,native,LB,0.3239
nat27,347,native,SB,0.2409
nat27,347,native,AGB,0.5648
nat27,347,native,BGB,0.2696
nat22,353,native,LB,0.3933
nat22,353,native,SB,0.4484
nat22,353,native,AGB,0.8417
nat22,353,native,BGB,0.291
nat19,355,native,LB,1.0973
nat19,355,native,SB,0.7718
nat19,355,native,AGB,1.8691
nat19,355,native,BGB,0.7694
nat21,358,native,LB,0.791
nat21,358,native,SB,0.546
nat21,358,native,AGB,1.337
nat21,358,native,BGB,0.6329
nat19,364,native,LB,0.5628
nat19,364,native,SB,0.7746
nat19,364,native,AGB,1.3374
nat19,364,native,BGB,0.8776
nat26,373,native,LB,0.6405
nat26,373,native,SB,0.6021
nat26,373,native,AGB,1.2426
nat26,373,native,BGB,0.5184
nat19,375,native,LB,0.5883
nat19,375,native,SB,0.4514
nat19,375,native,AGB,1.0397
nat19,375,native,BGB,0.5069
nat26,376,native,SB,0
nat26,376,native,AGB,0
nat23,380,native,LB,0.4664
nat23,380,native,SB,0.3229
nat23,380,native,AGB,0.7893
nat23,380,native,BGB,0.5263
nat19,397,native,LB,0.2509
nat19,397,native,SB,0.2689
nat19,397,native,AGB,0.5198
nat19,397,native,BGB,0.2017
nat19,398,native,SB,0
nat19,398,native,AGB,0
nat29,401,native,LB,1.3318
nat29,401,native,SB,1.0144
nat29,401,native,AGB,2.3462
nat29,401,native,BGB,1.0019
nat26,402,native,LB,0.4254
nat26,402,native,SB,0.3006
nat26,402,native,AGB,0.726
nat26,402,native,BGB,0.1795
nat27,406,native,LB,0.1267
nat27,406,native,SB,0.2226
nat27,406,native,AGB,0.3493
nat27,406,native,BGB,0.0924
nat26,414,native,LB,0.3432
nat26,414,native,SB,0.2713
nat26,414,native,AGB,0.6145
nat26,414,native,BGB,0.1751
nat21,422,native,LB,0.1423
nat21,422,native,SB,0.2676
nat21,422,native,AGB,0.4099
nat21,422,native,BGB,0.2395
nat29,423,native,LB,0.185
nat29,423,native,SB,0.1833
nat29,423,native,AGB,0.3683
nat29,423,native,BGB,0.2188
nat26,424,native,LB,0.2478
nat26,424,native,SB,0.2099
nat26,424,native,AGB,0.4577
nat26,424,native,BGB,0.1799
nat19,430,native,LB,0.1794
nat19,430,native,SB,0.6355
nat19,430,native,AGB,0.8149
nat19,430,native,BGB,0.497
nat25,433,native,LB,1.0127
nat25,433,native,SB,0.6148
nat25,433,native,AGB,1.6275
nat25,433,native,BGB,0.7151
nat20,440,native,SB,0
nat20,440,native,AGB,0
nat20,446,native,LB,0.3922
nat20,446,native,SB,0.3378
nat20,446,native,AGB,0.73
nat20,446,native,BGB,0.2029
nat27,455,native,LB,0.2348
nat27,455,native,SB,0.209
nat27,455,native,AGB,0.4438
nat27,455,native,BGB,0.139
nat19,468,native,SB,0
nat19,468,native,AGB,0
nat26,471,native,LB,0.4338
nat26,471,native,SB,0.4037
nat26,471,native,AGB,0.8375
nat26,471,native,BGB,0.4314
nat20,473,native,LB,0.1276
nat20,473,native,SB,0.496
nat20,473,native,AGB,0.6236
nat20,473,native,BGB,0.3665
nat29,479,native,LB,0.041
nat29,479,native,SB,0.5715
nat29,479,native,AGB,0.6125
nat29,479,native,BGB,0.4341
nat19,482,native,LB,0.597
nat19,482,native,SB,0.5132
nat19,482,native,AGB,1.1102
nat19,482,native,BGB,0.521
nat24,485,native,LB,0.734
nat24,485,native,SB,0.7423
nat24,485,native,AGB,1.4763
nat24,485,native,BGB,0.6724
nat24,489,native,LB,0.5685
nat24,489,native,SB,0.5848
nat24,489,native,AGB,1.1533
nat24,489,native,BGB,0.4527
nat21,500,native,LB,0.6409
nat21,500,native,SB,0.3721
nat21,500,native,AGB,1.013
nat21,500,native,BGB,0.2406
nat23,501,native,LB,0.2259
nat23,501,native,SB,0.2396
nat23,501,native,AGB,0.4655
nat23,501,native,BGB,0.1932
nat22,505,native,LB,0.295
nat22,505,native,SB,0.3455
nat22,505,native,AGB,0.6405
nat22,505,native,BGB,0.4742
nat19,513,native,LB,0.1188
nat19,513,native,SB,0.5599
nat19,513,native,AGB,0.6787
nat19,513,native,BGB,0.4463
nat27,517,native,LB,0.0647
nat27,517,native,SB,0.6973
nat27,517,native,AGB,0.762
nat27,517,native,BGB,0.7012
nat20,519,native,LB,0.5687
nat20,519,native,SB,0.4147
nat20,519,native,AGB,0.9834
nat20,519,native,BGB,0.35
nat25,520,native,LB,0.6856
nat25,520,native,SB,0.6276
nat25,520,native,AGB,1.3132
nat25,520,native,BGB,0.6518
nat26,524,native,LB,0.4963
nat26,524,native,SB,0.482
nat26,524,native,AGB,0.9783
nat26,524,native,BGB,0.3916
nat21,527,native,LB,0.8953
nat21,527,native,SB,0.6205
nat21,527,native,AGB,1.5158
nat21,527,native,BGB,0.6226
nat22,535,native,LB,0.5054
nat22,535,native,SB,0.3972
nat22,535,native,AGB,0.9026
nat22,535,native,BGB,0.4061
nat25,537,native,SB,0
nat25,537,native,AGB,0
nat19,538,native,LB,0.4326
nat19,538,native,SB,0.4252
nat19,538,native,AGB,0.8578
nat19,538,native,BGB,0.5431
nat29,544,native,LB,0.8488
nat29,544,native,SB,0.5312
nat29,544,native,AGB,1.38
nat29,544,native,BGB,0.5698
nat19,557,native,LB,0.3253
nat19,557,native,SB,0.292
nat19,557,native,AGB,0.6173
nat19,557,native,BGB,0.2657
nat26,561,native,LB,1.0763
nat26,561,native,SB,1.0433
nat26,561,native,AGB,2.1196
nat26,561,native,BGB,0.7001
nat29,565,native,LB,0.0323
nat29,565,native,SB,0.848
nat29,565,native,AGB,0.8803
nat29,565,native,BGB,1.1219
nat21,568,native,LB,1.0031
nat21,568,native,SB,0.7176
nat21,568,native,AGB,1.7207
nat21,568,native,BGB,0.6828
nat19,571,native,SB,0
nat19,571,native,AGB,0
nat21,573,native,LB,1.2225
nat21,573,native,SB,1.1082
nat21,573,native,AGB,2.3307
nat21,573,native,BGB,1.343
nat23,575,native,SB,0
nat23,575,native,AGB,0
nat25,582,native,LB,0.1343
nat25,582,native,SB,0.3466
nat25,582,native,AGB,0.4809
nat25,582,native,BGB,0.3704
nat21,589,native,SB,0
nat21,589,native,AGB,0
nat19,596,native,LB,0.3792
nat19,596,native,SB,0.4407
nat19,596,native,AGB,0.8199
nat19,596,native,BGB,0.3306
nat20,605,native,LB,0.4976
nat20,605,native,SB,0.4361
nat20,605,native,AGB,0.9337
nat20,605,native,BGB,0.5114
nat19,606,native,LB,0.5824
nat19,606,native,SB,0.5833
nat19,606,native,AGB,1.1657
nat19,606,native,BGB,0.5265
nat20,608,native,SB,0
nat20,608,native,AGB,0
nat22,609,native,LB,0.6096
nat22,609,native,SB,0.5283
nat22,609,native,AGB,1.1379
nat22,609,native,BGB,0.4114
nat19,611,native,LB,0.4683
nat19,611,native,SB,0.4999
nat19,611,native,AGB,0.9682
nat19,611,native,BGB,0.608
nat25,613,native,LB,0.3904
nat25,613,native,SB,0.3966
nat25,613,native,AGB,0.787
nat25,613,native,BGB,0.3496
nat20,615,native,LB,0.4489
nat20,615,native,SB,0.3951
nat20,615,native,AGB,0.844
nat20,615,native,BGB,0.399
nat19,616,native,LB,0.764
nat19,616,native,SB,0.6509
nat19,616,native,AGB,1.4149
nat19,616,native,BGB,1.0623
nat29,620,native,LB,1.3812
nat29,620,native,SB,0.9013
nat29,620,native,AGB,2.2825
nat29,620,native,BGB,0.8924
nat26,625,native,LB,1.3048
nat26,625,native,SB,0.8563
nat26,625,native,AGB,2.1611
nat26,625,native,BGB,0.9454
nat19,626,native,SB,0
nat19,626,native,AGB,0
nat19,627,native,LB,0.0282
nat19,627,native,SB,0.0583
nat19,627,native,AGB,0.0865
nat19,627,native,BGB,0.0187
nat19,631,native,LB,0.7986
nat19,631,native,SB,0.6375
nat19,631,native,AGB,1.4361
nat19,631,native,BGB,0.5734
nat22,638,native,LB,1.4863
nat22,638,native,SB,1.0724
nat22,638,native,AGB,2.5587
nat22,638,native,BGB,1.1526
nat19,642,native,SB,0
nat19,642,native,AGB,0
nat27,655,native,LB,0.3562
nat27,655,native,SB,0.3446
nat27,655,native,AGB,0.7008
nat27,655,native,BGB,0.3152
nat19,657,native,LB,0.568
nat19,657,native,SB,0.4517
nat19,657,native,AGB,1.0197
nat19,657,native,BGB,0.6077
nat19,659,native,LB,0.5575
nat19,659,native,SB,0.3769
nat19,659,native,AGB,0.9344
nat19,659,native,BGB,0.541
urb17,70,cultivar,LB,0.5615
urb17,70,cultivar,SB,0.4991
urb17,70,cultivar,AGB,1.0606
urb17,70,cultivar,BGB,0.4303
urb17,80,cultivar,LB,0.0817
urb17,80,cultivar,SB,0.111
urb17,80,cultivar,AGB,0.1927
urb17,80,cultivar,BGB,0.0665
urb17,87,cultivar,SB,0
urb17,87,cultivar,AGB,0
urb17,207,cultivar,LB,0.47
urb17,207,cultivar,SB,0.3507
urb17,207,cultivar,AGB,0.8207
urb17,207,cultivar,BGB,0.556
urb17,213,cultivar,LB,0.0816
urb17,213,cultivar,SB,0.1302
urb17,213,cultivar,AGB,0.2118
urb17,213,cultivar,BGB,0.0446
urb17,250,cultivar,LB,0.6651
urb17,250,cultivar,SB,0.4473
urb17,250,cultivar,AGB,1.1124
urb17,250,cultivar,BGB,0.5207
urb17,276,cultivar,LB,0.43
urb17,276,cultivar,SB,0.5149
urb17,276,cultivar,AGB,0.9449
urb17,276,cultivar,BGB,0.2682
urb17,280,cultivar,LB,0.1083
urb17,280,cultivar,SB,0.2133
urb17,280,cultivar,AGB,0.3216
urb17,280,cultivar,BGB,0.0633
urb17,300,cultivar,LB,0.2395
urb17,300,cultivar,SB,0.2513
urb17,300,cultivar,AGB,0.4908
urb17,300,cultivar,BGB,0.1219
urb17,311,cultivar,LB,0.8012
urb17,311,cultivar,SB,0.6051
urb17,311,cultivar,AGB,1.4063
urb17,311,cultivar,BGB,0.6337
urb17,410,cultivar,LB,0.6821
urb17,410,cultivar,SB,0.5883
urb17,410,cultivar,AGB,1.2704
urb17,410,cultivar,BGB,0.416
urb17,546,cultivar,LB,1.1053
urb17,546,cultivar,SB,0.7294
urb17,546,cultivar,AGB,1.8347
urb17,546,cultivar,BGB,0.7385
urb17,570,cultivar,LB,0.6986
urb17,570,cultivar,SB,0.6562
urb17,570,cultivar,AGB,1.3548
urb17,570,cultivar,BGB,0.681
urb17,617,cultivar,LB,1.3477
urb17,617,cultivar,SB,1.2975
urb17,617,cultivar,AGB,2.6452
urb17,617,cultivar,BGB,0.8511
urb17,621,cultivar,LB,0.2117
urb17,621,cultivar,SB,0.2075
urb17,621,cultivar,AGB,0.4192
urb17,621,cultivar,BGB,0.1447
urb17,643,cultivar,SB,0
urb17,643,cultivar,AGB,0
nat30,14,native,LB,0.1486
nat30,14,native,SB,0.1765
nat30,14,native,AGB,0.3251
nat30,14,native,BGB,0.0753
nat32,138,native,LB,0.0791
nat32,138,native,SB,0.0967
nat32,138,native,AGB,0.1758
nat32,138,native,BGB,0.0834
nat32,150,native,SB,0
nat32,150,native,AGB,0
nat32,172,native,SB,0
nat32,172,native,AGB,0
nat32,197,native,LB,0.3306
nat32,197,native,SB,0.297
nat32,197,native,AGB,0.6276
nat32,197,native,BGB,0.2956
nat32,214,native,LB,0.1374
nat32,214,native,SB,0.2603
nat32,214,native,AGB,0.3977
nat32,214,native,BGB,0.1967
nat31,225,native,LB,0.3606
nat31,225,native,SB,0.227
nat31,225,native,AGB,0.5876
nat31,225,native,BGB,0.1765
nat30,236,native,SB,0
nat30,236,native,AGB,0
nat31,279,native,LB,0.3436
nat31,279,native,SB,0.2515
nat31,279,native,AGB,0.5951
nat31,279,native,BGB,0.1342
nat33,297,native,LB,0.0055
nat33,297,native,SB,0.3239
nat33,297,native,AGB,0.3294
nat33,297,native,BGB,0.1727
nat32,303,native,LB,0.3911
nat32,303,native,SB,0.2833
nat32,303,native,AGB,0.6744
nat32,303,native,BGB,0.3757
nat18,326,native,LB,0.3788
nat18,326,native,SB,0.1914
nat18,326,native,AGB,0.5702
nat18,326,native,BGB,0.1488
nat33,352,native,LB,0.5216
nat33,352,native,SB,0.5231
nat33,352,native,AGB,1.0447
nat33,352,native,BGB,0.3985
nat32,360,native,LB,0.7482
nat32,360,native,SB,0.5305
nat32,360,native,AGB,1.2787
nat32,360,native,BGB,0.6342
nat33,365,native,LB,0.792
nat33,365,native,SB,0.5499
nat33,365,native,AGB,1.3419
nat33,365,native,BGB,0.6085
nat32,385,native,LB,0.5538
nat32,385,native,SB,0.3985
nat32,385,native,AGB,0.9523
nat32,385,native,BGB,0.5723
nat30,429,native,LB,0.1513
nat30,429,native,SB,0.1065
nat30,429,native,AGB,0.2578
nat30,429,native,BGB,0.0741
nat30,451,native,LB,0.1985
nat30,451,native,SB,0.1199
nat30,451,native,AGB,0.3184
nat30,451,native,BGB,0.065
nat32,463,native,LB,0.7366
nat32,463,native,SB,0.5271
nat32,463,native,AGB,1.2637
nat32,463,native,BGB,0.5835
nat32,469,native,SB,0
nat32,469,native,AGB,0
nat18,480,native,LB,0.3246
nat18,480,native,SB,0.1777
nat18,480,native,AGB,0.5023
nat18,480,native,BGB,0.1056
nat30,592,native,SB,0
nat30,592,native,AGB,0
nat30,594,native,SB,0
nat30,594,native,AGB,0
nat18,632,native,LB,0.3284
nat18,632,native,SB,0.3262
nat18,632,native,AGB,0.6546
nat18,632,native,BGB,0.2278
nat31,646,native,SB,0
nat31,646,native,AGB,0
nat30,650,native,LB,0.3554
nat30,650,native,SB,0.1882
nat30,650,native,AGB,0.5436
nat30,650,native,BGB,0.2056
nat30,653,native,SB,0
nat30,653,native,AGB,0
urb03,26,cultivar,LB,1.6554
urb03,26,cultivar,SB,1.3616
urb03,26,cultivar,AGB,3.017
urb03,26,cultivar,BGB,1.1196
urb03,51,cultivar,LB,0.5626
urb03,51,cultivar,SB,0.56
urb03,51,cultivar,AGB,1.1226
urb03,51,cultivar,BGB,0.3806
urb03,69,cultivar,LB,0.178
urb03,69,cultivar,SB,0.2439
urb03,69,cultivar,AGB,0.4219
urb03,69,cultivar,BGB,0.0368
urb03,78,cultivar,LB,0.5833
urb03,78,cultivar,SB,0.4186
urb03,78,cultivar,AGB,1.0019
urb03,78,cultivar,BGB,0.3962
urb03,89,cultivar,SB,0
urb03,89,cultivar,AGB,0
urb03,129,cultivar,LB,1.0346
urb03,129,cultivar,SB,0.9679
urb03,129,cultivar,AGB,2.0025
urb03,129,cultivar,BGB,0.7249
urb03,238,cultivar,LB,0.1536
urb03,238,cultivar,SB,0.2401
urb03,238,cultivar,AGB,0.3937
urb03,238,cultivar,BGB,0.283
urb03,239,cultivar,LB,0.9187
urb03,239,cultivar,SB,1.3148
urb03,239,cultivar,AGB,2.2335
urb03,239,cultivar,BGB,1.2786
urb03,287,cultivar,LB,0.6416
urb03,287,cultivar,SB,0.8713
urb03,287,cultivar,AGB,1.5129
urb03,287,cultivar,BGB,0.5425
urb03,357,cultivar,LB,2.1213
urb03,357,cultivar,SB,1.8433
urb03,357,cultivar,AGB,3.9646
urb03,357,cultivar,BGB,1.3002
urb03,421,cultivar,LB,0.6548
urb03,421,cultivar,SB,0.6468
urb03,421,cultivar,AGB,1.3016
urb03,421,cultivar,BGB,0.4813
urb03,425,cultivar,LB,0.3108
urb03,425,cultivar,SB,0.3098
urb03,425,cultivar,AGB,0.6206
urb03,425,cultivar,BGB,0.3168
urb03,426,cultivar,LB,0.4945
urb03,426,cultivar,SB,0.6572
urb03,426,cultivar,AGB,1.1517
urb03,426,cultivar,BGB,0.4169
urb03,435,cultivar,LB,1.2807
urb03,435,cultivar,SB,0.9126
urb03,435,cultivar,AGB,2.1933
urb03,435,cultivar,BGB,0.8371
urb03,438,cultivar,LB,0.0185
urb03,438,cultivar,SB,0.6435
urb03,438,cultivar,AGB,0.662
urb03,438,cultivar,BGB,0.4745
urb03,439,cultivar,LB,0.4055
urb03,439,cultivar,SB,0.2768
urb03,439,cultivar,AGB,0.6823
urb03,439,cultivar,BGB,0.2064
urb03,443,cultivar,LB,0.5398
urb03,443,cultivar,SB,0.3855
urb03,443,cultivar,AGB,0.9253
urb03,443,cultivar,BGB,0.3744
urb03,454,cultivar,LB,0.5106
urb03,454,cultivar,SB,0.344
urb03,454,cultivar,AGB,0.8546
urb03,454,cultivar,BGB,0.2578
urb03,457,cultivar,LB,0.9507
urb03,457,cultivar,SB,1.4077
urb03,457,cultivar,AGB,2.3584
urb03,457,cultivar,BGB,1.0387
urb03,461,cultivar,LB,0.7689
urb03,461,cultivar,SB,0.5247
urb03,461,cultivar,AGB,1.2936
urb03,461,cultivar,BGB,0.3329
urb03,467,cultivar,LB,0.4006
urb03,467,cultivar,SB,0.4048
urb03,467,cultivar,AGB,0.8054
urb03,467,cultivar,BGB,0.2867
urb03,494,cultivar,LB,0.5425
urb03,494,cultivar,SB,0.4646
urb03,494,cultivar,AGB,1.0071
urb03,494,cultivar,BGB,0.3424
urb03,522,cultivar,LB,0.5447
urb03,522,cultivar,SB,0.3871
urb03,522,cultivar,AGB,0.9318
urb03,522,cultivar,BGB,0.4466
urb03,536,cultivar,LB,1.8395
urb03,536,cultivar,SB,1.5124
urb03,536,cultivar,AGB,3.3519
urb03,536,cultivar,BGB,1.1528
urb03,549,cultivar,LB,0.9968
urb03,549,cultivar,SB,0.7725
urb03,549,cultivar,AGB,1.7693
urb03,549,cultivar,BGB,0.9005
urb03,563,cultivar,LB,1.2003
urb03,563,cultivar,SB,1.0216
urb03,563,cultivar,AGB,2.2219
urb03,563,cultivar,BGB,0.7148
urb03,595,cultivar,LB,1.8152
urb03,595,cultivar,SB,1.306
urb03,595,cultivar,AGB,3.1212
urb03,595,cultivar,BGB,1.441
urb03,641,cultivar,LB,1.5688
urb03,641,cultivar,SB,1.2421
urb03,641,cultivar,AGB,2.8109
urb03,641,cultivar,BGB,1.096
urb31,48,cultivar,SB,0
urb31,48,cultivar,AGB,0
urb31,55,cultivar,LB,0.4416
urb31,55,cultivar,SB,0.3605
urb31,55,cultivar,AGB,0.8021
urb31,55,cultivar,BGB,0.3524
urb31,59,cultivar,LB,0.359
urb31,59,cultivar,SB,0.3809
urb31,59,cultivar,AGB,0.7399
urb31,59,cultivar,BGB,0.442
urb31,63,cultivar,LB,0.8206
urb31,63,cultivar,SB,0.7614
urb31,63,cultivar,AGB,1.582
urb31,63,cultivar,BGB,0.4975
urb31,91,cultivar,SB,0
urb31,91,cultivar,AGB,0
urb31,108,cultivar,LB,0.6018
urb31,108,cultivar,SB,0.4325
urb31,108,cultivar,AGB,1.0343
urb31,108,cultivar,BGB,0.405
urb31,220,cultivar,SB,0
urb31,220,cultivar,AGB,0
urb31,231,cultivar,LB,0.2583
urb31,231,cultivar,SB,0.275
urb31,231,cultivar,AGB,0.5333
urb31,231,cultivar,BGB,0.1654
urb31,233,cultivar,LB,0.4247
urb31,233,cultivar,SB,0.3601
urb31,233,cultivar,AGB,0.7848
urb31,233,cultivar,BGB,0.5722
urb31,247,cultivar,LB,0.2795
urb31,247,cultivar,SB,0.1483
urb31,247,cultivar,AGB,0.4278
urb31,308,cultivar,LB,0.3945
urb31,308,cultivar,SB,0.3317
urb31,308,cultivar,AGB,0.7262
urb31,308,cultivar,BGB,0.4156
urb31,346,cultivar,LB,0.163
urb31,346,cultivar,SB,0.1533
urb31,346,cultivar,AGB,0.3163
urb31,346,cultivar,BGB,0.0893
urb31,372,cultivar,LB,0.6759
urb31,372,cultivar,SB,0.6368
urb31,372,cultivar,AGB,1.3127
urb31,372,cultivar,BGB,0.4977
urb31,434,cultivar,LB,1.072
urb31,434,cultivar,SB,1.2353
urb31,434,cultivar,AGB,2.3073
urb31,434,cultivar,BGB,1.0331
urb31,460,cultivar,LB,0.437
urb31,460,cultivar,SB,0.3032
urb31,460,cultivar,AGB,0.7402
urb31,460,cultivar,BGB,0.2465
urb31,481,cultivar,LB,1.017
urb31,481,cultivar,SB,0.6638
urb31,481,cultivar,AGB,1.6808
urb31,481,cultivar,BGB,0.44
urb31,495,cultivar,LB,0.4212
urb31,495,cultivar,SB,0.328
urb31,495,cultivar,AGB,0.7492
urb31,495,cultivar,BGB,0.1565
urb31,514,cultivar,LB,0.6445
urb31,514,cultivar,SB,0.5754
urb31,514,cultivar,AGB,1.2199
urb31,514,cultivar,BGB,0.6605
urb31,539,cultivar,LB,0.648
urb31,539,cultivar,SB,0.5145
urb31,539,cultivar,AGB,1.1625
urb31,539,cultivar,BGB,0.6162
urb31,576,cultivar,LB,1.0963
urb31,576,cultivar,SB,1.0834
urb31,576,cultivar,AGB,2.1797
urb31,576,cultivar,BGB,0.7407
urb31,588,cultivar,LB,0.7522
urb31,588,cultivar,SB,0.7022
urb31,588,cultivar,AGB,1.4544
urb31,588,cultivar,BGB,0.588
urb31,612,cultivar,LB,0.6737
urb31,612,cultivar,SB,0.767
urb31,612,cultivar,AGB,1.4407
urb31,612,cultivar,BGB,0.5539
urb31,644,cultivar,LB,0.2078
urb31,644,cultivar,SB,0.2344
urb31,644,cultivar,AGB,0.4422
urb31,644,cultivar,BGB,0.2753
nat28,219,native,LB,0.153
nat28,219,native,SB,0.1152
nat28,219,native,AGB,0.2682
nat28,219,native,BGB,0.0822
nat28,304,native,LB,0.1277
nat28,304,native,SB,0.098
nat28,304,native,AGB,0.2257
nat28,304,native,BGB,0.0349
nat28,351,native,LB,0.4608
nat28,351,native,SB,0.4636
nat28,351,native,AGB,0.9244
nat28,351,native,BGB,0.4341
nat28,448,native,LB,0.3825
nat28,448,native,SB,0.242
nat28,448,native,AGB,0.6245
nat28,448,native,BGB,0.182
nat28,543,native,LB,0.8423
nat28,543,native,SB,0.5421
nat28,543,native,AGB,1.3844
nat28,543,native,BGB,0.5675
nat28,598,native,LB,0.4193
nat28,598,native,SB,0.2598
nat28,598,native,AGB,0.6791
nat28,598,native,BGB,0.1885
