ID,OffID,Origin,longitude,latitude,cf020,cf125,cf213,cf273,cf581,cf585,cf597,cf634,cf701
nat01,0,native,-77.589796,37.353826,124:146,153:157,128:136,138:138,232:232,177:187,99:107,106:108,130:130
nat01,3040,native,-77.589796,37.353826,124:142,153:153,128:164,134:138,232:232,177:181,105:107,100:106,120:130
nat01,3042,native,-77.589796,37.353826,124:138,157:157,136:142,138:138,232:232,169:177,107:107,108:118,124:130
nat01,3057,native,-77.589796,37.353826,140:146,153:157,128:130,138:138,232:232,177:179,99:105,106:108,124:130
nat01,3058,native,-77.589796,37.353826,124:150,153:157,114:136,134:138,232:232,177:187,107:107,108:108,
nat01,3059,native,-77.589796,37.353826,146:146,155:157,136:140,134:138,232:232,187:187,107:115,106:108,126:130
nat01,3060,native,-77.589796,37.353826,124:146,153:155,128:170,138:138,222:232,171:177,107:117,108:108,
nat01,3061,native,-77.589796,37.353826,120:124,153:157,136:164,134:138,232:232,167:187,107:107,106:108,118:130
nat01,3043,native,-77.589796,37.353826,124:140,153:155,122:128,138:138,232:232,177:179,99:109,106:108,130:130
nat01,3045,native,-77.589796,37.353826,126:146,153:157,128:136,134:138,232:232,177:187,103:107,106:108,
nat01,3047,native,-77.589796,37.353826,120:146,153:157,136:164,134:138,224:232,167:177,105:107,100:108,120:130
nat01,3050,native,-77.589796,37.353826,124:146,155:157,136:170,126:138,222:232,171:187,107:115,106:108,126:130
nat01,3051,native,-77.589796,37.353826,146:146,153:157,136:136,138:138,222:232,171:177,107:115,104:108,130:130
nat01,3052,native,-77.589796,37.353826,124:138,155:157,136:148,138:138,232:232,177:183,99:99,106:118,
nat01,3054,native,-77.589796,37.353826,146:146,153:157,136:144,138:138,232:232,169:177,107:113,106:106,128:130
nat01,3056,native,-77.589796,37.353826,140:146,153:157,128:130,138:138,232:232,171:177,107:115,106:108,130:130
nat02,5202,native,-77.587201,37.353104,126:138,153:157,136:146,138:138,224:232,171:177,91:99,104:106,120:128
nat02,5203,native,-77.587201,37.353104,124:136,157:157,112:146,138:138,232:232,167:167,103:105,104:106,126:130
nat02,5204,native,-77.587201,37.353104,134:136,157:157,112:146,138:138,232:232,167:177,91:117,104:116,126:130
nat02,5205,native,-77.587201,37.353104,124:136,153:157,128:146,138:138,232:232,171:177,91:117,106:106,120:126
nat02,5206,native,-77.587201,37.353104,124:136,153:157,128:146,138:138,232:232,171:177,105:117,106:116,126:130
nat02,0,native,-77.587201,37.353104,136:138,157:157,132:146,138:138,232:232,167:171,91:105,106:116,120:130
nat02,5196,native,-77.587201,37.353104,134:136,153:157,128:146,138:138,232:232,167:177,103:105,106:116,126:130
nat02,5197,native,-77.587201,37.353104,130:138,153:157,128:146,,232:232,171:193,105:109,104:106,128:130
nat02,5198A,native,-77.587201,37.353104,134:138,157:157,112:132,126:138,232:232,171:179,105:109,100:116,122:130
nat02,5198B,native,-77.587201,37.353104,126:138,153:157,132:144,138:138,224:232,171:171,91:99,104:106,128:130
nat02,5199,native,-77.587201,37.353104,124:136,153:157,128:146,138:138,232:232,171:177,91:117,106:106,126:130
nat02,5200,native,-77.587201,37.353104,120:138,153:157,132:136,138:138,224:232,171:177,91:91,106:106,120:122
nat02,5201,native,-77.587201,37.353104,120:136,153:157,132:144,138:138,224:232,171:171,91:91,106:116,120:128
nat02,5208,native,-77.587201,37.353104,138:148,157:157,142:146,138:138,232:232,171:179,91:109,106:118,118:120
nat02,5209,native,-77.587201,37.353104,138:140,153:157,132:142,138:138,232:232,169:171,91:119,104:116,128:130
nat02,5207,native,-77.587201,37.353104,138:138,155:157,132:148,138:138,232:232,167:183,91:99,116:118,128:130
nat03,3425,native,-77.532674,37.396872,120:138,155:155,140:150,126:138,232:232,163:167,91:91,104:106,114:120
nat03,3424A,native,-77.532674,37.396872,124:124,155:157,130:154,126:134,232:232,163:165,105:113,100:104,128:128
nat03,3424B,native,-77.532674,37.396872,124:148,155:157,112:150,126:138,232:232,169:179,109:113,100:104,120:126
nat03,3430,native,-77.532674,37.396872,138:140,157:157,112:130,126:138,232:232,163:177,91:91,104:108,120:126
nat03,3426,native,-77.532674,37.396872,120:124,155:155,130:140,134:138,232:232,167:179,91:109,104:118,114:120
nat03,3427,native,-77.532674,37.396872,124:140,147:157,130:154,134:138,232:232,163:177,91:109,104:108,126:128
nat03,3429,native,-77.532674,37.396872,124:126,155:155,150:156,126:138,232:232,163:187,113:119,104:108,120:120
nat03,3435,native,-77.532674,37.396872,138:140,155:157,112:150,126:138,232:232,163:169,91:107,100:104,126:128
nat03,3436,native,-77.532674,37.396872,138:140,155:155,142:150,126:138,232:232,163:195,91:129,104:104,120:126
nat03,3437,native,-77.532674,37.396872,124:134,153:157,146:150,126:138,232:232,179:185,91:107,104:104,126:128
nat03,3438,native,-77.532674,37.396872,124:126,155:155,150:156,126:138,232:232,163:187,113:119,104:108,120:120
nat03,3423B,native,-77.532674,37.396872,124:138,155:157,128:150,126:132,222:232,167:179,91:115,104:106,114:120
nat03,0,native,-77.532674,37.396872,124:138,155:157,130:150,126:134,232:232,163:179,91:113,104:104,120:128
nat03,3432,native,-77.532674,37.396872,124:148,157:157,130:130,126:138,232:232,163:187,91:109,104:108,126:128
nat03,3433,native,-77.532674,37.396872,124:142,155:155,112:150,134:138,222:232,169:179,91:119,104:108,120:126
nat03,3434,native,-77.532674,37.396872,134:138,155:159,130:136,128:134,232:232,167:179,91:91,100:104,126:128
nat03,3421,native,-77.532674,37.396872,124:134,153:155,128:150,126:138,222:232,163:179,91:119,96:104,120:126
nat03,3422,native,-77.532674,37.396872,124:142,157:157,128:130,134:138,222:232,163:169,91:113,104:108,120:126
nat03,3423A,native,-77.532674,37.396872,124:138,155:157,130:150,134:142,232:232,163:177,91:113,104:104,120:120
nat04,3865,native,-77.531355,37.392639,120:136,153:159,146:150,138:138,232:232,181:191,99:107,106:118,120:128
nat04,3870,native,-77.531355,37.392639,124:136,153:157,136:154,132:138,232:232,163:191,91:107,106:106,128:128
nat04,3866,native,-77.531355,37.392639,134:136,153:159,144:146,128:138,232:232,173:191,105:107,106:118,128:128
nat04,3867,native,-77.531355,37.392639,136:136,157:157,142:154,138:138,232:232,171:191,107:109,106:108,128:128
nat04,3869,native,-77.531355,37.392639,120:124,153:157,136:154,132:138,230:232,163:191,107:109,106:124,128:128
nat04,0,native,-77.531355,37.392639,120:136,157:159,146:154,138:138,232:232,181:191,107:107,106:124,126:128
nat04,3871,native,-77.531355,37.392639,130:136,157:157,148:154,138:138,232:236,173:191,107:107,104:124,122:128
nat05,3850,native,-77.53154,37.392228,124:124,153:155,124:124,134:138,232:232,169:181,107:115,104:104,120:124
nat05,0,native,-77.53154,37.392228,124:136,155:157,124:146,134:138,232:232,169:181,91:115,104:118,120:126
nat05,3842,native,-77.53154,37.392228,124:136,153:155,124:140,134:138,232:232,181:181,91:107,104:106,126:128
nat05,3844,native,-77.53154,37.392228,136:142,153:157,128:146,134:138,224:232,169:181,91:91,110:118,122:126
nat05,3847,native,-77.53154,37.392228,136:136,155:157,140:146,134:138,232:232,171:181,105:115,104:104,120:126
nat05,3848,native,-77.53154,37.392228,124:130,153:155,124:140,134:136,230:232,169:179,115:117,104:104,120:126
nat05,3845,native,-77.53154,37.392228,136:136,153:155,124:154,134:138,232:232,181:181,91:107,104:118,114:126
nat06,0,native,-77.530576,37.3908,134:134,153:153,122:122,128:138,232:232,171:189,91:107,100:106,120:120
nat06,3791,native,-77.530576,37.3908,134:146,147:153,122:136,126:128,232:232,169:189,91:91,106:108,
nat06,3793,native,-77.530576,37.3908,134:136,153:153,122:124,134:138,232:232,171:181,107:109,100:104,120:128
nat06,3796,native,-77.530576,37.3908,124:134,153:153,122:124,128:138,232:232,169:171,91:103,104:106,120:120
nat06,3797,native,-77.530576,37.3908,134:148,,,134:138,222:232,171:177,91:105,106:112,
nat06,3794,native,-77.530576,37.3908,134:136,153:153,122:146,128:138,232:232,171:179,107:109,104:106,
nat06,3795,native,-77.530576,37.3908,,153:155,122:156,138:138,232:232,171:171,107:107,100:106,120:120
nat06,3798,native,-77.530576,37.3908,120:134,153:155,122:142,128:138,232:232,167:189,91:99,106:106,120:128
nat06,3800,native,-77.530576,37.3908,,153:155,122:156,128:138,232:232,171:171,91:107,100:106,120:120
nat07,4231,native,-77.531012,37.389398,134:136,153:153,110:140,134:138,232:232,167:191,91:105,100:104,114:126
nat07,4240,native,-77.531012,37.389398,134:136,153:155,126:140,138:138,232:232,167:181,91:91,104:106,126:128
nat07,4230,native,-77.531012,37.389398,120:138,153:155,122:140,132:138,232:232,169:189,91:107,104:118,120:126
nat07,4235,native,-77.531012,37.389398,124:134,153:153,122:130,138:138,232:236,167:185,,104:116,126:126
nat07,4236,native,-77.531012,37.389398,134:136,153:153,122:140,126:138,232:232,171:189,,104:106,120:126
nat07,0,native,-77.531012,37.389398,120:134,153:153,122:140,138:138,224:232,167:189,91:91,104:104,114:126
nat08,0,native,-77.531604,37.388365,134:146,153:153,122:148,138:140,232:232,165:169,91:117,104:106,114:120
nat08,3828,native,-77.531604,37.388365,136:146,153:155,122:148,140:140,232:232,169:179,,100:104,120:128
nat08,3829,native,-77.531604,37.388365,130:134,153:157,122:130,140:146,232:232,165:171,91:117,104:106,120:128
nat08,3831,native,-77.531604,37.388365,136:146,153:153,110:122,138:138,232:236,169:171,107:117,104:104,114:114
nat08,3832,native,-77.531604,37.388365,134:146,153:157,122:130,140:140,232:236,165:167,91:123,104:108,114:128
nat08,3833,native,-77.531604,37.388365,124:134,153:155,136:148,134:138,232:232,165:173,109:117,104:104,120:128
nat08,3816,native,-77.531604,37.388365,134:146,153:155,136:148,126:140,232:232,169:171,91:91,104:104,120:120
nat08,3819,native,-77.531604,37.388365,134:146,153:157,122:142,138:138,232:232,169:189,109:117,104:104,114:122
nat08,3820,native,-77.531604,37.388365,134:134,153:153,148:156,138:138,232:238,165:171,91:99,100:104,120:120
nat08,3823A,native,-77.531604,37.388365,134:134,153:155,146:148,138:140,232:240,169:181,93:117,106:124,120:126
nat08,3823B,native,-77.531604,37.388365,124:146,153:153,122:150,138:140,232:232,163:169,91:91,106:106,114:120
nat08,3824,native,-77.531604,37.388365,134:136,153:153,130:148,138:138,232:232,169:169,117:117,104:106,114:124
nat08,3825,native,-77.531604,37.388365,134:146,153:155,128:148,138:138,232:232,169:171,107:117,104:124,114:128
nat08,3826,native,-77.531604,37.388365,144:146,153:155,122:170,134:140,232:232,165:173,109:117,104:122,114:128
nat08,3837,native,-77.531604,37.388365,124:134,153:157,122:154,138:140,232:232,167:169,109:117,104:108,120:120
nat08,3834,native,-77.531604,37.388365,124:134,153:153,148:154,138:140,232:232,169:171,91:107,104:118,120:122
nat08,3835,native,-77.531604,37.388365,134:146,153:153,122:144,138:140,232:232,165:183,117:119,104:106,114:128
nat08,3836,native,-77.531604,37.388365,136:146,153:155,132:148,126:140,232:232,169:187,107:117,104:104,114:118
nat08,3840,native,-77.531604,37.388365,124:146,153:153,122:144,138:138,232:232,165:173,117:117,104:112,120:128
nat09,4264,native,-77.531685,37.385211,126:130,153:155,110:152,138:140,224:232,165:169,91:105,108:118,126:128
nat09,4267,native,-77.531685,37.385211,130:148,153:155,140:156,138:140,232:232,165:165,91:105,104:108,114:128
nat09,4268,native,-77.531685,37.385211,124:130,153:155,110:162,138:140,232:232,167:181,105:105,108:108,128:128
nat09,4269,native,-77.531685,37.385211,120:146,155:155,136:140,138:138,232:232,165:169,105:119,108:118,114:128
nat09,4266,native,-77.531685,37.385211,120:134,155:155,128:140,132:140,232:232,169:181,105:105,104:108,128:128
nat09,0,native,-77.531685,37.385211,120:130,153:155,110:140,138:140,232:232,165:181,105:105,108:108,114:128
nat09,4262,native,-77.531685,37.385211,130:140,153:155,130:140,138:138,232:232,179:181,91:105,106:108,114:128
nat09,4263A,native,-77.531685,37.385211,112:120,,140:150,,232:232,171:181,91:105,106:108,126:128
nat09,4278,native,-77.531685,37.385211,130:134,153:153,110:112,138:140,232:232,165:181,105:105,104:108,114:126
nat09,4280A,native,-77.531685,37.385211,124:130,153:155,110:136,132:138,232:232,165:167,105:117,108:108,128:128
nat09,4280B,native,-77.531685,37.385211,120:124,153:155,110:122,134:138,232:232,165:167,105:107,106:108,114:128
nat09,4271,native,-77.531685,37.385211,130:146,153:153,140:150,138:140,232:232,165:165,105:107,104:108,128:128
nat09,4272,native,-77.531685,37.385211,130:130,155:155,122:140,138:140,224:232,165:165,105:105,104:108,114:114
nat09,4273,native,-77.531685,37.385211,130:134,153:153,110:164,138:140,232:232,181:181,91:105,108:118,114:128
nat09,4270,native,-77.531685,37.385211,120:120,153:155,140:140,138:138,232:232,165:165,105:117,108:118,114:126
nat09,4275,native,-77.531685,37.385211,120:134,155:155,140:150,140:142,232:232,165:191,105:105,104:108,114:128
nat09,4276,native,-77.531685,37.385211,130:138,153:155,140:142,138:140,232:232,181:181,91:105,108:116,114:128
nat09,4277,native,-77.531685,37.385211,130:134,153:153,110:122,132:138,232:232,163:181,105:105,104:108,128:128
nat09,4274,native,-77.531685,37.385211,120:140,153:155,128:140,138:140,232:232,,91:105,104:108,128:128
nat10,0,native,-77.534583,37.386464,124:130,153:157,122:142,138:146,232:232,165:165,107:109,106:116,122:122
nat10,3442,native,-77.534583,37.386464,124:146,153:153,,138:138,232:232,165:165,105:107,,122:128
nat10,3445,native,-77.534583,37.386464,124:138,153:157,122:140,126:138,224:232,165:179,,,
nat10,3458,native,-77.534583,37.386464,120:124,153:155,122:144,138:146,232:232,165:181,107:107,108:116,
nat10,3454,native,-77.534583,37.386464,126:130,157:157,,126:138,232:232,165:191,,,120:122
nat10,3463,native,-77.534583,37.386464,130:140,153:157,112:142,138:138,232:232,165:179,107:117,104:106,
nat10,3465,native,-77.534583,37.386464,124:124,153:157,110:122,138:138,232:232,165:167,91:107,106:118,122:128
nat10,3467,native,-77.534583,37.386464,130:138,153:157,110:122,138:138,232:232,165:167,105:109,116:118,
nat11,3476B,native,-77.540423,37.390698,134:134,153:153,144:156,138:140,232:232,169:171,107:109,104:114,128:128
nat11,3477,native,-77.540423,37.390698,136:138,147:153,136:138,134:138,232:232,171:171,91:107,104:114,128:128
nat11,3478A,native,-77.540423,37.390698,120:138,153:157,144:154,140:140,232:232,181:189,107:109,108:114,
nat11,3478B,native,-77.540423,37.390698,130:134,147:157,136:150,134:142,232:232,163:181,107:107,104:108,128:128
nat11,3479,native,-77.540423,37.390698,120:138,147:157,136:154,134:138,224:232,181:189,107:109,108:114,
nat11,0,native,-77.540423,37.390698,134:138,147:153,136:144,134:140,232:232,171:181,91:107,108:114,128:128
nat11,3471,native,-77.540423,37.390698,120:138,153:153,136:144,134:140,232:232,163:181,91:107,104:114,120:128
nat11,3472,native,-77.540423,37.390698,138:138,153:153,144:146,134:142,224:232,159:181,91:91,104:108,128:128
nat11,3473A,native,-77.540423,37.390698,134:138,147:157,136:150,134:142,232:232,163:181,107:107,104:108,128:128
nat11,3473B,native,-77.540423,37.390698,134:138,147:155,122:136,126:134,232:232,171:179,105:107,106:108,114:128
nat11,3474,native,-77.540423,37.390698,130:134,153:157,144:150,138:140,224:232,163:171,,,128:128
nat11,3475,native,-77.540423,37.390698,120:134,147:155,112:136,126:134,232:232,159:181,107:109,104:108,126:128
nat11,3476A,native,-77.540423,37.390698,134:134,153:153,144:156,138:140,232:232,169:171,107:109,104:114,128:128
nat11,3491,native,-77.540423,37.390698,136:138,153:153,112:144,134:146,232:232,171:177,91:107,104:114,124:128
nat11,3492,native,-77.540423,37.390698,120:134,153:155,144:146,132:140,232:232,163:181,91:107,104:108,
nat11,3493,native,-77.540423,37.390698,134:138,153:153,144:144,134:140,232:232,167:181,107:109,104:114,126:128
nat11,3495,native,-77.540423,37.390698,134:138,147:153,136:146,138:140,224:232,163:171,91:91,104:114,128:128
nat11,3496,native,-77.540423,37.390698,134:138,147:157,110:136,138:140,232:232,181:181,91:107,106:114,
nat11,3497,native,-77.540423,37.390698,120:134,147:157,110:136,138:140,232:232,171:181,91:109,104:114,
nat11,3499,native,-77.540423,37.390698,138:140,153:157,124:144,134:138,232:232,181:181,91:109,114:126,128:128
nat11,3480,native,-77.540423,37.390698,120:138,147:155,112:136,134:140,224:232,167:181,107:109,104:108,
nat11,3481,native,-77.540423,37.390698,134:138,147:155,136:150,134:142,232:232,159:171,91:107,108:114,
nat11,3482,native,-77.540423,37.390698,120:134,147:155,136:150,134:134,232:232,171:181,,,
nat11,3484A,native,-77.540423,37.390698,120:138,147:153,136:144,140:142,232:232,171:171,91:105,114:114,
nat11,3484B,native,-77.540423,37.390698,138:138,153:157,144:150,140:142,232:232,159:171,107:107,104:114,128:128
nat11,3485,native,-77.540423,37.390698,120:134,153:153,128:144,134:138,232:232,181:181,91:103,108:116,
nat11,3487,native,-77.540423,37.390698,134:134,147:155,136:150,140:142,232:232,167:171,91:105,106:114,
nat11,3489,native,-77.540423,37.390698,138:142,147:153,112:136,126:140,232:232,171:181,99:107,104:114,128:128
nat12,4689,native,-77.585923,37.389702,120:134,153:157,122:138,138:138,222:232,175:177,105:119,106:118,120:128
nat12,4686,native,-77.585923,37.389702,124:130,153:157,122:132,126:138,222:232,175:179,107:119,104:118,120:128
nat12,4694,native,-77.585923,37.389702,120:140,153:157,122:132,138:138,222:232,175:175,99:119,100:104,120:128
nat12,4690,native,-77.585923,37.389702,120:120,155:157,122:142,126:142,222:232,171:179,107:119,100:118,120:128
nat12,4691,native,-77.585923,37.389702,120:134,153:157,108:122,126:134,222:232,169:175,99:119,104:118,128:128
nat12,4693,native,-77.585923,37.389702,124:130,153:153,132:142,138:138,222:232,175:179,107:107,104:118,120:120
nat12,4704,native,-77.585923,37.389702,120:138,153:157,112:122,138:138,222:232,171:179,91:119,108:118,114:128
nat12,4706,native,-77.585923,37.389702,130:134,153:153,110:142,126:138,222:232,169:179,105:107,100:104,114:128
nat12,4695,native,-77.585923,37.389702,120:130,153:157,122:122,126:138,222:232,175:179,107:119,100:104,122:128
nat12,4696,native,-77.585923,37.389702,120:134,153:153,110:142,126:134,222:232,175:177,99:107,100:106,114:128
nat12,4697,native,-77.585923,37.389702,130:134,153:157,140:142,126:134,222:232,169:179,105:119,100:106,114:128
nat12,4698,native,-77.585923,37.389702,120:140,157:157,122:128,138:138,222:232,175:175,107:107,104:118,120:128
nat12,4700,native,-77.585923,37.389702,120:130,153:157,122:144,126:138,222:232,171:179,95:119,100:104,120:122
nat12,4701,native,-77.585923,37.389702,130:134,153:153,110:142,138:138,222:232,169:175,105:107,106:118,128:128
nat12,4702,native,-77.585923,37.389702,120:134,153:157,110:122,134:138,222:232,175:177,105:107,106:118,114:120
nat12,0,native,-77.585923,37.389702,120:130,153:157,122:142,126:138,222:222,175:179,107:119,100:118,120:128
nat13,0,native,-77.579688,37.383342,124:146,153:157,140:140,138:142,232:232,163:165,91:107,100:104,118:120
nat13,4460,native,-77.579688,37.383342,124:134,153:153,132:140,136:142,222:232,165:167,99:107,100:116,114:118
nat13,4461,native,-77.579688,37.383342,124:140,153:157,140:140,126:142,232:232,163:163,107:107,100:104,118:120
nat13,4462B,native,-77.579688,37.383342,124:146,155:157,110:140,138:142,232:232,165:165,,104:104,118:128
nat13,4476,native,-77.579688,37.383342,124:146,153:155,122:140,138:138,232:232,163:167,107:109,104:104,120:128
nat13,4477,native,-77.579688,37.383342,140:146,153:155,140:140,126:138,232:232,163:171,91:103,100:104,118:118
nat13,4478,native,-77.579688,37.383342,134:146,153:155,136:140,136:142,232:232,165:167,107:107,100:118,120:120
nat13,4479,native,-77.579688,37.383342,134:146,153:153,140:144,138:142,232:232,165:177,,100:104,120:120
nat13,4469,native,-77.579688,37.383342,144:146,157:157,140:150,134:138,232:232,163:169,107:119,100:108,118:122
nat13,4464,native,-77.579688,37.383342,134:146,153:157,132:140,136:138,232:232,165:177,107:107,100:118,114:120
nat13,4466,native,-77.579688,37.383342,124:134,153:153,112:140,138:142,232:232,163:163,91:111,104:118,118:120
nat13,4468,native,-77.579688,37.383342,140:146,153:153,140:140,134:142,232:232,163:177,91:117,100:106,120:128
nat13,4475,native,-77.579688,37.383342,120:124,153:155,140:152,138:138,232:232,165:169,107:111,100:104,118:128
nat13,4470,native,-77.579688,37.383342,134:146,153:157,132:140,136:138,232:232,165:177,99:107,100:116,118:118
nat13,4471,native,-77.579688,37.383342,124:124,153:153,128:140,138:138,232:232,165:167,,100:100,120:120
nat13,4474,native,-77.579688,37.383342,134:146,153:155,136:140,136:142,232:232,163:167,,104:118,118:118
nat14,0,native,-77.5568,37.4005,120:138,153:155,150:170,138:138,222:232,171:181,91:107,104:106,120:124
nat14,3898,native,-77.5568,37.4005,120:120,155:155,110:150,138:138,232:232,173:181,91:119,106:114,124:128
nat14,3899,native,-77.5568,37.4005,124:138,153:155,126:150,138:138,224:232,167:171,91:119,104:106,120:124
nat14,3900,native,-77.5568,37.4005,136:138,153:155,130:170,138:138,222:232,167:171,99:107,104:106,114:124
nat14,3902,native,-77.5568,37.4005,120:124,153:155,126:150,138:142,232:232,173:181,91:119,104:108,120:120
nat14,3903,native,-77.5568,37.4005,120:120,153:155,110:170,132:138,232:232,167:181,107:117,104:104,124:124
nat14,3904,native,-77.5568,37.4005,120:138,153:155,122:170,138:138,232:232,167:181,107:119,104:116,124:128
nat14,3905,native,-77.5568,37.4005,120:138,153:153,136:170,126:138,222:232,165:181,91:107,104:106,124:128
nat14,3891,native,-77.5568,37.4005,138:150,155:155,142:170,134:138,222:232,167:171,91:99,104:106,114:124
nat14,3892,native,-77.5568,37.4005,138:146,153:155,146:150,138:138,222:224,173:181,91:107,104:108,124:128
nat14,3893,native,-77.5568,37.4005,120:124,153:153,146:170,138:138,232:232,167:171,91:91,106:108,124:128
nat14,3894,native,-77.5568,37.4005,120:146,153:155,126:150,138:138,222:224,167:181,91:91,106:106,120:124
nat14,3895,native,-77.5568,37.4005,120:146,153:155,146:150,138:138,222:232,167:171,91:91,106:108,124:128
nat14,3896,native,-77.5568,37.4005,134:138,153:153,140:170,138:140,232:232,181:191,91:119,100:104,120:120
nat14,3897,native,-77.5568,37.4005,120:150,153:155,130:170,134:138,222:232,167:171,99:107,104:106,120:126
nat14,3890,native,-77.5568,37.4005,124:138,153:153,126:170,138:138,232:232,171:173,107:119,104:106,120:120
nat15,5062,native,-77.529876,37.394651,122:136,153:153,128:156,134:138,224:232,171:177,107:109,104:108,128:130
nat15,0,native,-77.529876,37.394651,122:134,153:157,128:142,134:134,224:232,171:171,105:107,108:118,120:128
nat15,5061,native,-77.529876,37.394651,134:136,155:157,122:142,134:138,232:232,171:177,105:107,104:108,120:130
nat15,5067,native,-77.529876,37.394651,130:134,153:153,128:136,134:138,232:232,165:171,,108:118,126:128
nat15,5070,native,-77.529876,37.394651,122:138,155:157,122:142,134:138,224:232,171:179,107:107,118:118,120:130
nat15,5075,native,-77.529876,37.394651,122:140,157:159,142:144,134:138,224:232,171:177,105:105,104:118,114:120
nat16,3961,native,-77.533065,37.396769,134:138,155:157,136:162,138:138,232:232,163:177,91:105,106:116,114:128
nat16,3979,native,-77.533065,37.396769,120:138,153:155,140:162,138:138,232:232,163:171,91:105,104:106,114:128
nat16,3972,native,-77.533065,37.396769,120:124,155:157,124:150,138:138,232:232,163:165,109:121,104:106,114:128
nat16,3974,native,-77.533065,37.396769,120:124,153:157,124:140,138:138,232:232,163:171,105:109,104:104,114:128
nat16,3975,native,-77.533065,37.396769,136:138,155:155,144:162,138:138,232:232,171:171,95:109,104:110,114:128
nat16,0,native,-77.533065,37.396769,124:138,155:157,124:162,138:138,232:232,163:171,91:109,104:106,114:124
nat16,3987,native,-77.533065,37.396769,124:134,157:157,124:136,134:138,222:232,169:171,105:109,106:106,120:124
nat16,3982,native,-77.533065,37.396769,124:138,153:155,112:162,138:144,232:232,167:171,105:109,104:104,114:128
nat16,3983,native,-77.533065,37.396769,136:138,155:157,122:124,138:138,232:232,163:173,91:105,106:108,114:128
nat16,3984,native,-77.533065,37.396769,138:146,147:155,142:162,138:138,224:232,169:171,109:109,104:106,124:128
nat17,4556,native,-77.538402,37.399049,120:142,153:153,110:132,138:146,232:232,167:181,105:107,106:108,128:128
nat17,4557,native,-77.538402,37.399049,120:134,153:153,132:140,138:138,232:236,169:179,91:105,104:104,114:128
nat17,4558A,native,-77.538402,37.399049,,153:157,136:154,138:146,232:232,171:181,91:105,104:108,128:128
nat17,4558B,native,-77.538402,37.399049,120:136,153:153,110:132,138:138,232:232,175:181,105:105,104:104,114:128
nat17,4560,native,-77.538402,37.399049,124:136,153:153,110:154,132:138,232:232,167:181,91:105,104:104,128:128
nat17,0,native,-77.538402,37.399049,120:136,153:153,132:154,138:146,232:232,169:181,105:109,104:108,114:128
nat17,4551A,native,-77.538402,37.399049,136:146,153:153,132:138,138:146,232:232,163:181,99:105,108:108,128:128
nat17,4551B,native,-77.538402,37.399049,120:136,153:153,122:154,138:138,232:232,169:189,105:109,104:104,114:120
nat17,4553,native,-77.538402,37.399049,136:136,153:157,132:136,138:146,232:232,169:177,105:105,108:108,114:126
nat17,4579,native,-77.538402,37.399049,120:132,153:153,136:154,138:138,232:232,181:183,99:105,104:104,114:126
nat17,4580,native,-77.538402,37.399049,120:140,153:155,136:154,138:138,232:232,169:173,105:107,104:108,114:124
nat17,4572,native,-77.538402,37.399049,120:136,153:155,138:154,138:146,232:232,175:181,107:109,104:106,128:128
nat17,4566,native,-77.538402,37.399049,120:150,153:153,132:142,138:138,222:232,169:181,91:105,104:104,126:128
nat17,4570A,native,-77.538402,37.399049,134:136,153:157,122:132,126:146,232:232,181:181,105:107,104:104,114:128
nat17,4570B,native,-77.538402,37.399049,120:146,153:155,130:154,138:146,232:232,171:181,105:107,106:108,114:128
nat17,4578,native,-77.538402,37.399049,120:120,153:153,132:132,138:138,232:232,169:193,105:109,108:118,112:128
nat17,4573,native,-77.538402,37.399049,136:136,153:153,130:132,138:146,224:232,181:187,105:107,104:104,128:128
nat17,4574,native,-77.538402,37.399049,136:140,153:157,122:132,138:146,232:232,169:169,105:115,108:112,114:128
nat17,4576,native,-77.538402,37.399049,134:136,153:157,134:154,134:146,232:232,169:181,105:109,108:118,124:128
urb01,0,cultivar,-77.471146,37.510717,120:136,155:155,132:140,134:136,232:232,169:187,99:107,108:118,120:126
urb01,10,cultivar,-77.471146,37.510717,134:136,155:157,,136:138,232:232,187:187,99:99,118:118,126:128
urb01,184,cultivar,-77.471146,37.510717,120:120,155:155,,136:142,232:232,167:187,99:105,114:118,114:126
urb01,200,cultivar,-77.471146,37.510717,120:136,155:155,,134:138,232:232,167:169,99:107,108:118,114:120
urb01,203,cultivar,-77.471146,37.510717,120:132,155:157,140:142,128:134,232:232,187:187,99:109,108:118,120:126
urb01,634,cultivar,-77.471146,37.510717,120:136,153:155,,136:138,232:232,171:187,99:107,108:114,114:126
urb01,85,cultivar,-77.471146,37.510717,130:136,153:155,,136:138,232:232,169:171,99:105,114:118,114:126
urb01,253,cultivar,-77.471146,37.510717,120:130,155:155,,136:142,232:232,167:169,99:105,108:114,120:130
urb01,314,cultivar,-77.471146,37.510717,130:136,153:155,,136:138,232:232,169:171,99:105,108:118,114:120
urb01,339,cultivar,-77.471146,37.510717,136:146,155:155,,136:138,232:232,169:187,99:99,118:118,114:120
urb01,242,cultivar,-77.471146,37.510717,120:130,,,134:138,232:232,169:169,99:105,114:118,114:126
urb01,476,cultivar,-77.471146,37.510717,120:124,153:155,122:132,134:138,232:232,169:169,99:99,104:108,126:126
urb01,599,cultivar,-77.471146,37.510717,120:124,155:157,,136:140,232:232,169:171,99:105,104:118,120:122
urb01,619,cultivar,-77.471146,37.510717,120:140,155:157,,134:138,232:232,169:187,99:111,108:118,126:128
urb01,450,cultivar,-77.471146,37.510717,134:136,155:157,,136:138,232:232,,99:119,104:118,120:128
urb03,0,cultivar,-77.473082,37.492974,140:142,153:155,144:146,138:138,232:232,167:169,91:105,104:108,124:124
urb03,435,cultivar,-77.473082,37.492974,136:142,153:153,140:146,138:138,232:232,167:169,105:107,102:104,124:128
urb03,438,cultivar,-77.473082,37.492974,140:142,153:153,140:146,126:138,232:232,169:169,91:107,104:104,120:124
urb03,443,cultivar,-77.473082,37.492974,136:142,153:155,140:146,134:138,232:232,167:169,105:107,102:108,124:126
urb03,457,cultivar,-77.473082,37.492974,136:142,155:157,144:162,126:138,232:232,167:173,91:119,104:104,124:124
urb03,461,cultivar,-77.473082,37.492974,136:140,153:155,140:144,138:138,232:232,167:167,91:99,102:108,124:126
urb03,467,cultivar,-77.473082,37.492974,140:140,153:157,134:146,138:138,232:232,169:175,91:105,108:112,124:128
urb03,494,cultivar,-77.473082,37.492974,136:142,153:153,140:146,138:138,232:232,169:179,91:107,104:108,124:128
urb03,51,cultivar,-77.473082,37.492974,136:140,153:155,126:144,138:138,232:232,167:179,99:105,104:108,124:128
urb03,522,cultivar,-77.473082,37.492974,140:148,155:155,144:146,138:138,232:232,167:167,105:109,104:108,124:126
urb03,549,cultivar,-77.473082,37.492974,136:142,153:153,140:146,138:138,232:232,167:169,91:107,108:108,124:126
urb03,563,cultivar,-77.473082,37.492974,132:140,155:155,134:146,138:138,232:232,167:181,99:105,104:118,114:124
urb03,595,cultivar,-77.473082,37.492974,136:142,153:153,126:146,132:138,232:232,167:167,,102:104,124:128
urb03,641,cultivar,-77.473082,37.492974,142:142,153:155,144:146,138:138,232:232,167:187,91:105,98:104,124:126
urb03,69,cultivar,-77.473082,37.492974,134:140,155:155,144:146,138:138,224:232,167:169,105:119,104:108,114:124
urb03,78,cultivar,-77.473082,37.492974,,153:157,144:148,,232:232,169:171,105:119,104:112,
urb03,129,cultivar,-77.473082,37.492974,136:142,153:155,126:144,138:138,232:232,169:179,91:99,102:104,124:128
urb03,238,cultivar,-77.473082,37.492974,140:146,155:155,142:144,126:138,232:232,169:175,91:91,108:118,122:124
urb03,239,cultivar,-77.473082,37.492974,140:146,153:153,146:158,136:138,232:232,167:167,91:91,104:104,114:124
urb03,26,cultivar,-77.473082,37.492974,142:142,153:153,122:146,126:138,222:232,169:173,91:107,104:118,124:126
urb03,287,cultivar,-77.473082,37.492974,134:142,153:155,140:144,126:138,232:232,163:167,91:105,104:114,124:124
urb03,349,cultivar,-77.473082,37.492974,136:140,153:155,126:144,138:138,232:232,167:167,,104:108,124:126
urb03,421,cultivar,-77.473082,37.492974,134:140,153:155,142:146,138:138,232:232,169:171,91:99,104:108,118:124
urb03,426,cultivar,-77.473082,37.492974,136:142,153:153,124:146,138:138,232:232,169:169,91:99,104:118,124:126
urb04,0,cultivar,-77.47849,37.492511,120:142,155:159,144:148,134:136,232:232,169:171,111:113,104:118,124:128
urb04,111,cultivar,-77.47849,37.492511,142:146,155:159,148:148,134:136,232:232,171:171,107:111,114:118,128:128
urb04,19,cultivar,-77.47849,37.492511,120:120,155:157,144:146,134:144,232:232,171:171,91:111,104:118,124:128
urb04,196,cultivar,-77.47849,37.492511,120:120,153:159,146:148,134:134,230:232,171:171,107:111,114:118,124:124
urb04,43,cultivar,-77.47849,37.492511,120:124,155:155,144:162,134:138,222:232,169:179,91:111,104:118,120:124
urb04,44,cultivar,-77.47849,37.492511,120:134,157:159,142:148,136:138,222:232,171:179,99:113,104:104,120:128
urb04,511,cultivar,-77.47849,37.492511,124:142,155:157,142:144,126:134,222:232,169:185,91:111,104:118,120:124
urb04,526,cultivar,-77.47849,37.492511,120:140,153:159,146:148,134:136,232:232,169:181,107:113,104:114,126:128
urb04,622,cultivar,-77.47849,37.492511,120:120,155:157,144:146,134:138,232:232,169:169,91:111,104:118,126:128
urb04,237,cultivar,-77.47849,37.492511,120:140,155:157,134:148,134:138,232:232,167:171,,118:118,126:128
urb04,289,cultivar,-77.47849,37.492511,120:140,155:155,144:146,134:138,222:232,169:175,107:113,106:118,124:128
urb04,31,cultivar,-77.47849,37.492511,142:146,155:155,144:148,134:136,230:232,169:171,107:111,104:118,124:124
urb04,329,cultivar,-77.47849,37.492511,120:146,,146:148,134:134,232:232,171:171,,104:118,126:128
urb04,354,cultivar,-77.47849,37.492511,120:138,,134:144,134:138,232:232,169:169,107:113,104:104,128:128
urb04,361,cultivar,-77.47849,37.492511,120:146,155:159,148:148,134:134,232:232,169:181,107:111,114:118,124:124
urb04,404,cultivar,-77.47849,37.492511,120:142,157:159,146:148,134:144,232:232,169:169,91:113,104:104,128:128
urb04,408,cultivar,-77.47849,37.492511,120:146,155:155,144:148,134:134,232:232,171:171,107:111,114:118,126:128
urb04,71,cultivar,-77.47849,37.492511,120:142,157:159,148:148,134:144,232:232,169:169,91:111,106:118,122:128
urb04,95,cultivar,-77.47849,37.492511,120:142,155:155,144:144,136:138,232:232,171:187,91:113,104:118,124:130
urb04,636,cultivar,-77.47849,37.492511,120:120,157:159,146:148,126:136,232:232,167:169,91:113,104:104,122:124
urb04,649,cultivar,-77.47849,37.492511,120:138,157:159,134:148,136:138,232:232,167:171,,104:104,128:128
urb05,4959,cultivar,-77.44143,37.510291,132:138,153:153,128:146,134:138,222:232,169:171,,104:118,120:124
urb05,4960,cultivar,-77.44143,37.510291,134:138,153:153,124:146,134:138,232:232,163:171,99:111,106:118,114:124
urb05,4961,cultivar,-77.44143,37.510291,138:146,153:155,132:158,134:138,222:232,177:177,99:99,118:118,114:124
urb05,4962,cultivar,-77.44143,37.510291,134:138,153:153,124:158,134:138,222:232,169:177,99:99,106:108,114:124
urb05,4963,cultivar,-77.44143,37.510291,120:134,153:153,124:158,134:138,222:232,163:177,99:99,106:108,122:128
urb05,4964,cultivar,-77.44143,37.510291,120:138,153:155,144:146,138:138,222:232,169:177,,106:118,120:122
urb05,0,cultivar,-77.44143,37.510291,120:138,153:153,146:158,134:138,222:232,171:177,99:105,106:118,122:124
urb05,4956,cultivar,-77.44143,37.510291,120:136,153:153,130:158,138:138,232:232,171:177,105:105,106:108,120:122
urb05,4957,cultivar,-77.44143,37.510291,120:136,153:153,124:146,138:138,222:232,171:171,99:99,118:118,114:122
urb05,4958,cultivar,-77.44143,37.510291,134:138,153:153,124:158,138:138,222:232,169:177,,106:108,114:124
urb05,4967,cultivar,-77.44143,37.510291,120:146,153:157,148:158,134:138,222:232,177:177,,106:110,124:124
urb05,4965A,cultivar,-77.44143,37.510291,134:138,153:155,146:148,134:134,222:232,177:189,,104:106,122:126
urb05,4965B,cultivar,-77.44143,37.510291,120:138,153:153,136:158,134:138,222:232,167:171,99:109,106:106,124:126
urb05,4966,cultivar,-77.44143,37.510291,136:138,153:153,146:150,134:134,232:232,177:177,99:107,102:106,122:128
urb06,3334,cultivar,-77.455647,37.521544,134:146,155:157,132:136,136:138,232:232,169:187,109:119,104:104,114:128
urb06,3338,cultivar,-77.455647,37.521544,134:134,153:157,136:148,134:138,232:232,171:175,91:119,104:108,128:128
urb06,3339,cultivar,-77.455647,37.521544,132:142,155:157,136:146,138:138,232:232,165:187,91:107,104:104,120:128
urb06,3342,cultivar,-77.455647,37.521544,134:134,157:157,136:138,134:144,232:232,171:171,91:117,112:118,126:128
urb06,3344,cultivar,-77.455647,37.521544,138:142,157:157,110:136,132:134,230:232,171:171,91:119,100:104,128:128
urb06,0,cultivar,-77.455647,37.521544,134:142,157:157,136:146,134:138,232:232,171:187,91:119,104:112,128:128
urb06,3331,cultivar,-77.455647,37.521544,134:134,153:157,136:152,138:140,232:232,171:179,91:103,104:112,128:128
urb06,3332,cultivar,-77.455647,37.521544,138:142,153:157,136:142,138:138,232:232,171:171,91:111,112:112,126:128
urb06,3333,cultivar,-77.455647,37.521544,134:134,147:157,146:146,134:138,232:232,171:187,91:91,112:116,118:128
urb06,3345,cultivar,-77.455647,37.521544,120:134,157:157,110:136,134:138,230:232,171:185,91:119,112:112,126:128
urb06,3347,cultivar,-77.455647,37.521544,124:134,155:157,132:136,138:138,232:232,171:177,91:107,104:108,124:128
urb07,3,cultivar,-77.465096,37.480376,134:142,153:157,138:140,134:138,232:236,169:171,109:119,100:104,128:128
urb07,38,cultivar,-77.465096,37.480376,134:142,157:157,148:148,134:134,232:232,185:185,91:119,104:112,128:128
urb07,413,cultivar,-77.465096,37.480376,120:134,155:157,,134:138,232:232,163:171,91:99,104:104,128:128
urb07,367,cultivar,-77.465096,37.480376,,155:157,,134:138,232:232,171:171,91:111,112:118,128:128
urb07,370,cultivar,-77.465096,37.480376,128:134,155:157,140:148,126:138,232:232,167:171,107:119,104:104,128:128
urb07,0,cultivar,-77.465096,37.480376,134:142,157:157,138:148,134:138,232:232,171:185,91:119,104:112,128:128
urb07,106,cultivar,-77.465096,37.480376,134:134,153:157,138:142,134:146,232:232,171:193,,104:114,126:128
urb07,125,cultivar,-77.465096,37.480376,134:142,153:157,138:140,138:138,232:232,169:171,99:119,104:108,128:128
urb07,167,cultivar,-77.465096,37.480376,136:142,157:157,138:158,134:138,232:232,171:171,91:109,102:112,120:128
urb07,286,cultivar,-77.465096,37.480376,120:142,155:157,134:138,136:138,232:232,169:171,,104:118,126:128
urb07,290,cultivar,-77.465096,37.480376,134:134,157:157,138:158,134:138,232:232,171:171,91:109,102:112,114:128
urb07,92,cultivar,-77.465096,37.480376,134:136,155:157,138:140,134:142,222:232,171:185,91:119,102:104,128:128
urb07,567,cultivar,-77.465096,37.480376,134:142,153:157,124:148,138:138,222:232,171:185,91:99,104:108,114:128
urb07,574,cultivar,-77.465096,37.480376,134:134,153:157,124:138,134:138,232:232,171:185,,108:112,114:128
urb07,456,cultivar,-77.465096,37.480376,136:142,153:157,142:148,138:138,232:232,171:183,109:119,102:112,120:128
urb07,54,cultivar,-77.465096,37.480376,126:142,153:157,138:148,134:140,232:232,171:175,91:111,112:122,114:128
urb07,581,cultivar,-77.465096,37.480376,134:146,153:157,124:148,138:138,232:232,169:185,111:119,112:118,126:128
urb07,586,cultivar,-77.465096,37.480376,134:140,155:157,138:138,134:138,232:232,171:199,91:99,112:118,128:128
urb08,3768,cultivar,-77.455841,37.509475,146:148,153:155,124:148,134:136,222:232,171:177,99:111,106:118,114:126
urb08,3769,cultivar,-77.455841,37.509475,136:148,155:157,142:148,134:138,232:236,177:189,91:99,104:106,128:128
urb08,3775,cultivar,-77.455841,37.509475,136:148,157:157,136:162,134:138,232:236,171:177,91:99,100:108,126:128
urb08,3776,cultivar,-77.455841,37.509475,120:146,155:157,132:136,134:138,232:236,169:177,99:111,108:118,114:128
urb08,3771,cultivar,-77.455841,37.509475,130:148,155:157,136:140,134:138,222:222,177:179,105:117,106:114,114:126
urb08,3774,cultivar,-77.455841,37.509475,126:148,153:157,128:136,134:138,232:236,173:177,99:111,106:118,126:126
urb08,3767,cultivar,-77.455841,37.509475,130:148,155:157,148:148,134:140,222:222,177:181,99:113,102:106,120:126
urb08,3785,cultivar,-77.455841,37.509475,120:146,155:155,132:148,134:138,222:232,169:177,99:111,106:118,114:126
urb08,3796,cultivar,-77.455841,37.509475,120:134,155:157,136:148,134:138,222:232,177:177,105:113,104:108,126:130
urb08,3777,cultivar,-77.455841,37.509475,136:148,155:157,142:148,134:138,224:236,177:189,91:105,104:106,128:128
urb08,3778,cultivar,-77.455841,37.509475,146:148,153:157,136:142,134:142,222:232,171:177,105:107,108:118,120:128
urb08,3779,cultivar,-77.455841,37.509475,146:148,155:155,132:148,134:138,232:236,171:177,99:99,106:118,114:128
urb08,3780,cultivar,-77.455841,37.509475,146:148,153:155,124:148,134:136,222:232,171:177,99:111,106:118,114:126
urb08,3781,cultivar,-77.455841,37.509475,146:148,155:155,132:148,134:138,232:236,169:177,105:111,108:118,126:128
urb08,3782,cultivar,-77.455841,37.509475,146:148,157:157,136:150,134:138,232:236,163:177,105:107,106:106,120:126
urb08,3783,cultivar,-77.455841,37.509475,134:148,153:157,136:152,134:138,222:232,177:177,105:109,104:106,122:128
urb08,0,cultivar,-77.455841,37.509475,120:148,155:157,136:148,134:134,222:236,177:177,99:105,106:108,126:128
urb09,0,cultivar,-77.464537,37.515265,142:142,153:155,110:160,138:138,232:232,181:185,109:109,110:122,114:124
urb09,107,cultivar,-77.464537,37.515265,142:142,155:157,,134:138,232:232,171:185,,104:122,124:128
urb09,11,cultivar,-77.464537,37.515265,,155:157,,134:138,232:232,185:185,91:109,110:112,124:128
urb09,112,cultivar,-77.464537,37.515265,,155:157,,138:138,232:232,185:185,91:109,104:110,124:128
urb09,281,cultivar,-77.464537,37.515265,,155:155,,138:138,232:232,177:181,109:109,106:110,124:128
urb09,306,cultivar,-77.464537,37.515265,136:142,,,138:138,232:232,167:181,109:123,106:122,114:122
urb09,368,cultivar,-77.464537,37.515265,,153:155,,134:138,232:232,171:181,109:111,100:110,114:114
urb09,123,cultivar,-77.464537,37.515265,142:142,147:155,,138:138,232:232,183:185,107:109,118:122,114:124
urb09,13,cultivar,-77.464537,37.515265,,147:153,,138:138,232:232,,107:109,110:118,114:124
urb09,130,cultivar,-77.464537,37.515265,,153:155,,138:138,232:232,183:185,107:109,110:118,114:114
urb09,136,cultivar,-77.464537,37.515265,,153:153,,138:140,232:232,185:185,109:109,104:110,124:128
urb09,168,cultivar,-77.464537,37.515265,142:142,153:155,,138:138,232:232,171:181,109:111,118:122,114:114
urb09,21,cultivar,-77.464537,37.515265,142:142,155:157,,138:138,232:232,181:185,91:109,110:112,124:128
urb09,623,cultivar,-77.464537,37.515265,,,,138:138,232:236,181:189,105:109,110:118,120:124
urb09,493,cultivar,-77.464537,37.515265,120:142,153:155,,138:138,232:232,171:185,107:109,100:110,124:128
urb09,381,cultivar,-77.464537,37.515265,140:142,153:155,,138:138,232:232,,107:109,100:110,114:114
urb09,384,cultivar,-77.464537,37.515265,124:142,155:159,,132:138,232:232,185:189,109:117,114:122,114:128
urb09,407,cultivar,-77.464537,37.515265,134:142,147:153,,138:138,232:232,,109:111,110:118,114:114
urb09,579,cultivar,-77.464537,37.515265,142:142,151:153,,138:138,232:232,,107:109,100:122,114:128
urb09,508,cultivar,-77.464537,37.515265,120:142,153:155,,138:138,232:232,171:185,109:111,110:118,124:128
urb09,540,cultivar,-77.464537,37.515265,120:142,153:155,,138:138,232:232,,107:109,100:110,124:128
urb09,554,cultivar,-77.464537,37.515265,,153:155,,138:138,232:232,171:181,109:111,100:122,114:114
urb11,134,cultivar,-77.45848,37.492714,124:130,153:153,122:124,134:136,232:232,167:171,99:109,108:112,120:120
urb11,20,cultivar,-77.45848,37.492714,136:136,153:153,112:122,134:134,232:232,167:171,101:109,106:112,120:126
urb11,229,cultivar,-77.45848,37.492714,130:136,153:155,122:142,134:138,232:232,167:171,109:109,106:112,120:126
urb11,145,cultivar,-77.45848,37.492714,130:138,,124:140,138:138,222:232,167:171,91:107,104:104,114:120
urb11,149,cultivar,-77.45848,37.492714,136:136,153:155,122:142,138:138,232:232,167:171,107:107,112:118,120:120
urb11,0,cultivar,-77.45848,37.492714,130:136,153:159,122:124,134:138,232:232,167:171,107:109,104:112,120:120
urb11,110,cultivar,-77.45848,37.492714,130:148,153:155,124:154,134:138,222:232,165:167,107:109,112:112,120:124
urb11,553,cultivar,-77.45848,37.492714,136:140,153:155,122:130,134:138,232:236,167:189,99:107,104:104,120:128
urb11,583,cultivar,-77.45848,37.492714,130:136,153:159,112:124,134:138,232:232,167:171,101:109,104:106,120:120
urb11,591,cultivar,-77.45848,37.492714,136:136,153:155,122:142,134:138,232:232,167:177,101:109,104:118,120:126
urb11,610,cultivar,-77.45848,37.492714,130:140,,122:142,134:138,232:232,167:177,101:107,104:118,
urb11,327,cultivar,-77.45848,37.492714,134:136,,124:128,134:134,232:232,167:195,107:107,104:118,120:128
urb11,261,cultivar,-77.45848,37.492714,136:146,,122:124,138:138,232:232,171:171,99:109,104:118,114:120
urb11,307,cultivar,-77.45848,37.492714,130:140,,,134:138,232:232,163:167,105:109,104:116,
urb11,325,cultivar,-77.45848,37.492714,130:136,,124:144,134:136,222:232,167:181,107:109,,120:128
urb11,510,cultivar,-77.45848,37.492714,130:134,153:159,124:130,134:138,232:232,171:183,99:109,112:118,120:126
urb11,343,cultivar,-77.45848,37.492714,130:138,153:155,,134:138,232:232,171:171,,,120:128
urb11,391,cultivar,-77.45848,37.492714,130:138,,122:148,134:138,232:232,171:171,109:109,104:104,
urb11,498,cultivar,-77.45848,37.492714,130:146,153:153,122:124,134:138,232:232,171:171,107:111,104:118,120:120
urb12,0,cultivar,-77.461086,37.482443,130:136,155:155,118:140,138:142,222:232,171:181,107:119,100:102,124:128
urb12,32,cultivar,-77.461086,37.482443,136:136,153:155,118:124,138:138,222:232,169:181,99:107,100:118,114:128
urb12,324,cultivar,-77.461086,37.482443,136:136,153:155,140:144,138:138,232:232,181:197,119:129,100:104,122:124
urb12,36,cultivar,-77.461086,37.482443,136:138,155:157,118:148,134:138,232:232,169:181,99:107,100:102,114:124
urb12,437,cultivar,-77.461086,37.482443,130:136,155:155,118:118,142:142,222:232,171:171,107:119,102:102,128:128
urb12,462,cultivar,-77.461086,37.482443,130:136,153:155,140:140,138:138,222:232,169:171,107:109,100:118,114:128
urb12,593,cultivar,-77.461086,37.482443,130:130,147:155,140:140,138:138,222:232,169:171,105:119,100:102,124:124
urb12,639,cultivar,-77.461086,37.482443,130:136,155:155,124:140,138:142,232:232,171:171,107:111,102:118,114:124
urb12,640,cultivar,-77.461086,37.482443,,155:157,118:140,134:138,232:232,171:181,107:119,100:102,128:128
urb12,66,cultivar,-77.461086,37.482443,130:130,153:155,124:140,138:142,222:232,169:181,111:119,100:118,124:126
urb12,227,cultivar,-77.461086,37.482443,136:138,155:155,118:162,134:142,222:232,173:181,99:119,100:100,114:128
urb12,266,cultivar,-77.461086,37.482443,130:138,155:155,140:162,134:138,232:232,169:181,99:107,100:100,114:128
urb12,28,cultivar,-77.461086,37.482443,136:146,155:155,132:140,138:142,222:232,169:171,111:119,102:118,114:128
urb12,294,cultivar,-77.461086,37.482443,130:138,153:155,,138:138,232:232,171:181,119:119,102:104,124:128
urb12,319,cultivar,-77.461086,37.482443,136:146,155:155,134:140,136:142,222:232,171:181,99:119,102:118,114:128
urb12,148,cultivar,-77.461086,37.482443,,153:155,124:140,136:138,222:232,171:181,99:119,102:118,124:126
urb12,193,cultivar,-77.461086,37.482443,124:130,155:155,140:142,138:138,222:232,181:181,,100:108,128:130
urb12,210,cultivar,-77.461086,37.482443,130:130,153:155,118:140,138:138,,171:185,99:119,102:118,124:128
nat19,190,native,-77.540667,37.37575,124:136,153:155,138:140,138:138,232:232,169:189,107:107,118:124,120:128
nat19,224,native,-77.540667,37.37575,130:136,155:155,138:138,138:142,222:232,169:189,91:107,104:124,128:128
nat19,195,native,-77.540667,37.37575,136:136,153:155,120:138,138:138,232:232,171:189,107:107,108:124,128:128
nat19,22,native,-77.540667,37.37575,124:136,153:153,134:138,142:142,232:232,169:179,107:119,104:106,128:130
nat19,223,native,-77.540667,37.37575,130:140,153:155,,138:138,232:232,167:189,107:119,106:108,124:128
nat19,0,native,-77.540667,37.37575,136:140,153:155,136:138,138:142,232:232,169:189,99:107,106:124,128:128
nat19,100,native,-77.540667,37.37575,138:140,153:155,138:140,138:138,232:232,169:189,99:115,98:124,128:128
nat19,15,native,-77.540667,37.37575,136:146,153:153,132:136,138:142,232:232,177:189,99:119,,128:128
nat19,183,native,-77.540667,37.37575,140:146,153:155,138:138,138:138,232:232,169:181,99:119,108:124,126:128
nat19,185,native,-77.540667,37.37575,136:136,153:155,,126:142,232:232,169:171,107:107,102:124,128:128
nat19,482,native,-77.540667,37.37575,136:146,153:155,,138:142,232:232,165:189,99:105,108:124,128:128
nat19,513,native,-77.540667,37.37575,136:140,153:155,124:138,138:142,232:232,167:189,91:99,124:124,128:128
nat19,538,native,-77.540667,37.37575,140:148,153:155,,138:138,232:232,173:189,99:117,106:108,128:128
nat19,557,native,-77.540667,37.37575,140:146,155:155,138:138,134:138,232:232,179:189,91:107,104:106,128:128
nat19,606,native,-77.540667,37.37575,138:140,153:153,,138:138,232:232,169:171,99:105,124:124,114:128
nat19,270,native,-77.540667,37.37575,136:136,,,142:146,222:232,177:189,99:99,108:124,128:128
nat19,275,native,-77.540667,37.37575,124:140,155:155,138:138,138:138,232:232,169:179,99:119,104:106,128:128
nat19,33,native,-77.540667,37.37575,124:140,153:153,132:136,138:138,232:232,169:177,91:107,106:108,128:128
nat19,364,native,-77.540667,37.37575,136:136,153:157,,138:142,232:232,169:171,99:107,112:124,128:128
nat19,375,native,-77.540667,37.37575,136:138,153:157,,138:138,232:232,169:189,99:107,104:106,126:128
nat19,397,native,-77.540667,37.37575,140:142,153:153,,138:142,232:232,169:181,107:117,106:108,128:128
nat19,430,native,-77.540667,37.37575,136:146,151:153,138:138,140:142,232:232,169:179,91:107,108:124,128:128
nat19,46,native,-77.540667,37.37575,140:146,153:153,134:138,138:142,232:232,181:189,91:99,106:108,128:128
nat19,76,native,-77.540667,37.37575,140:142,153:153,,138:138,232:232,181:189,107:107,106:108,128:128
nat19,627,native,-77.540667,37.37575,138:140,153:155,,134:138,232:232,169:181,99:99,108:124,126:128
nat19,631,native,-77.540667,37.37575,134:140,153:157,,134:138,232:232,181:189,107:107,110:124,118:128
nat19,611,native,-77.540667,37.37575,136:140,153:155,138:140,134:138,232:232,167:169,107:107,104:106,128:128
nat19,616,native,-77.540667,37.37575,136:136,153:153,,138:138,232:232,173:189,,,114:128
nat19,657,native,-77.540667,37.37575,136:146,153:153,134:138,142:142,232:232,179:189,91:99,104:124,128:128
nat19,659,native,-77.540667,37.37575,136:142,153:153,,138:138,232:232,169:173,99:99,108:124,128:128
nat20,405,native,-77.542167,37.376944,138:140,153:153,140:150,132:136,222:232,169:177,91:119,106:108,114:120
nat20,446,native,-77.542167,37.376944,136:138,153:153,128:150,126:136,232:232,169:171,91:109,106:108,120:120
nat20,605,native,-77.542167,37.376944,138:140,,124:148,134:138,232:232,171:171,91:119,104:108,
nat20,615,native,-77.542167,37.376944,138:140,,138:150,134:138,232:232,167:171,91:107,100:108,
nat20,473,native,-77.542167,37.376944,134:134,153:155,146:150,138:140,232:232,169:171,109:119,108:108,120:128
nat20,519,native,-77.542167,37.376944,124:134,153:153,124:150,134:138,224:232,159:169,107:119,106:108,120:128
nat20,301,native,-77.542167,37.376944,134:138,,124:138,138:138,232:232,171:179,91:91,104:108,120:128
nat20,0,native,-77.542167,37.376944,134:138,153:153,124:150,136:138,232:232,169:171,91:119,108:108,120:120
nat21,573,native,-77.542917,37.378333,124:130,153:155,128:140,136:138,232:232,165:189,99:119,104:108,120:128
nat21,68,native,-77.542917,37.378333,124:134,151:153,128:142,134:138,232:232,179:189,115:119,104:108,128:128
nat21,332,native,-77.542917,37.378333,124:124,153:153,128:154,138:138,232:232,167:195,,104:118,114:128
nat21,333,native,-77.542917,37.378333,124:140,,,134:138,232:232,,119:119,104:108,128:128
nat21,358,native,-77.542917,37.378333,134:140,153:155,128:142,138:138,232:232,185:189,91:109,104:108,114:120
nat21,0,native,-77.542917,37.378333,124:134,153:155,128:142,138:138,232:232,167:189,91:119,104:108,120:128
nat21,500,native,-77.542917,37.378333,124:134,153:155,128:162,134:138,232:232,167:177,91:91,108:108,120:128
nat21,527,native,-77.542917,37.378333,124:130,153:155,134:142,138:138,232:232,171:189,91:119,104:108,120:128
nat21,568,native,-77.542917,37.378333,124:140,153:153,128:142,136:138,232:232,165:189,111:119,104:120,114:120
nat21,422,native,-77.542917,37.378333,134:134,153:155,128:140,138:138,232:232,187:189,91:91,108:124,114:120
urb13,0,cultivar,-77.466062,37.499823,134:134,157:159,142:144,126:138,232:232,163:179,107:107,104:118,120:122
urb13,12,cultivar,-77.466062,37.499823,134:134,155:157,144:150,126:134,232:232,163:163,107:113,104:104,122:130
urb13,156,cultivar,-77.466062,37.499823,134:134,153:159,112:142,134:138,232:232,163:181,99:107,104:124,120:120
urb13,654,cultivar,-77.466062,37.499823,,,138:142,,232:232,179:179,107:113,104:118,108:120
urb13,82,cultivar,-77.466062,37.499823,134:134,153:159,124:142,126:138,232:232,163:191,91:107,102:104,120:128
urb13,258,cultivar,-77.466062,37.499823,134:138,,138:144,126:134,232:232,179:179,107:119,104:104,122:128
urb13,277,cultivar,-77.466062,37.499823,134:134,,142:150,126:138,232:232,163:171,107:119,104:104,120:130
urb13,285,cultivar,-77.466062,37.499823,134:134,155:157,144:150,138:138,232:232,179:179,107:113,104:104,122:128
urb13,245,cultivar,-77.466062,37.499823,134:134,,138:142,126:134,232:232,171:179,107:113,104:104,122:128
urb13,315,cultivar,-77.466062,37.499823,134:140,,138:142,138:138,232:232,163:171,,104:118,122:128
urb13,411,cultivar,-77.466062,37.499823,134:140,,118:144,126:134,232:232,163:183,107:111,108:118,120:126
urb13,637,cultivar,-77.466062,37.499823,,,144:150,,232:232,163:171,107:113,104:118,106:120
urb13,292,cultivar,-77.466062,37.499823,134:138,,138:144,126:134,232:232,179:179,,104:118,122:128
nat22,0,native,-77.541444,37.382694,148:148,153:155,146:152,134:138,232:232,171:181,91:107,108:114,114:120
nat22,101,native,-77.541444,37.382694,134:148,153:155,130:146,128:138,232:232,171:181,107:107,108:124,120:128
nat22,142,native,-77.541444,37.382694,134:148,153:155,148:152,134:138,232:232,179:181,91:109,104:114,114:128
nat22,535,native,-77.541444,37.382694,130:148,155:155,138:146,138:138,232:232,171:171,91:107,104:108,114:128
nat22,609,native,-77.541444,37.382694,134:148,155:157,130:146,134:138,232:232,169:181,91:91,106:108,120:126
nat22,638,native,-77.541444,37.382694,140:148,155:155,130:146,138:138,232:232,169:181,105:107,106:114,114:120
nat22,191,native,-77.541444,37.382694,124:148,153:155,148:152,138:138,232:232,167:181,99:107,108:124,114:120
nat22,199,native,-77.541444,37.382694,148:148,155:155,138:146,126:138,232:232,171:171,107:115,114:118,114:126
nat22,25,native,-77.541444,37.382694,134:148,153:155,130:152,138:138,232:232,171:173,91:119,106:108,114:120
nat22,353,native,-77.541444,37.382694,128:148,,142:152,134:138,222:232,171:181,91:107,108:118,114:120
nat22,492,native,-77.541444,37.382694,134:148,153:153,130:152,134:138,232:232,171:173,107:119,106:108,114:120
nat22,505,native,-77.541444,37.382694,134:148,155:155,146:176,128:138,232:232,171:181,107:107,106:108,114:128
nat22,254,native,-77.541444,37.382694,142:148,153:155,138:152,126:134,232:232,171:181,91:109,108:118,120:126
urb14,0,cultivar,-77.478697,37.468216,124:124,155:157,122:128,128:146,232:232,173:181,115:117,104:118,128:128
urb14,126,cultivar,-77.478697,37.468216,124:146,153:157,122:124,136:146,232:232,169:181,99:115,118:118,126:128
urb14,157,cultivar,-77.478697,37.468216,124:146,153:155,124:128,128:136,,,,118:118,114:128
urb14,428,cultivar,-77.478697,37.468216,124:136,155:157,128:128,136:146,232:232,169:181,99:115,118:118,126:128
urb14,441,cultivar,-77.478697,37.468216,124:146,155:157,122:122,128:136,232:232,171:181,99:117,118:118,114:128
urb14,453,cultivar,-77.478697,37.468216,124:136,155:157,128:134,128:136,232:232,169:181,111:115,118:118,114:128
urb14,488,cultivar,-77.478697,37.468216,124:136,155:157,122:134,,232:232,169:181,111:115,118:118,114:128
urb14,497,cultivar,-77.478697,37.468216,124:146,155:157,128:134,136:146,232:232,171:173,99:117,118:118,126:128
urb14,162,cultivar,-77.478697,37.468216,124:146,153:157,122:140,138:146,232:232,169:181,111:117,108:118,128:128
urb14,163,cultivar,-77.478697,37.468216,124:136,153:157,124:128,136:146,232:232,171:173,111:117,104:118,114:128
urb14,18,cultivar,-77.478697,37.468216,124:146,155:155,122:134,128:138,232:232,,111:115,104:118,114:128
urb14,217,cultivar,-77.478697,37.468216,124:138,153:157,128:140,128:134,232:232,,117:117,104:118,128:128
urb14,265,cultivar,-77.478697,37.468216,124:132,157:157,128:140,,232:232,175:181,,100:118,128:128
urb14,35,cultivar,-77.478697,37.468216,124:146,155:157,128:134,128:136,232:232,171:173,99:115,104:118,126:128
urb14,395,cultivar,-77.478697,37.468216,124:136,155:155,122:134,128:138,232:232,171:173,99:117,118:118,126:128
urb14,603,cultivar,-77.478697,37.468216,124:146,153:157,124:128,128:138,232:232,169:173,99:115,104:118,126:128
urb14,587,cultivar,-77.478697,37.468216,,155:157,122:124,,232:232,171:181,111:115,118:118,128:128
urb14,600,cultivar,-77.478697,37.468216,,155:157,122:134,,232:232,169:181,111:117,104:118,128:128
urb14,652,cultivar,-77.478697,37.468216,124:140,155:155,122:134,,232:232,169:181,99:115,104:118,126:128
urb14,9,cultivar,-77.478697,37.468216,124:136,155:157,128:134,138:146,232:232,171:181,99:117,118:118,114:128
nat23,216,native,-77.540972,37.383667,134:138,,,138:138,232:232,167:173,109:119,100:124,
nat23,309,native,-77.540972,37.383667,136:138,,,138:138,222:232,171:173,91:109,104:108,128:128
nat23,380,native,-77.540972,37.383667,136:140,153:155,,134:134,224:232,171:173,91:109,104:104,128:128
nat23,244,native,-77.540972,37.383667,134:138,155:157,140:142,138:138,232:232,173:179,109:119,104:104,128:128
nat23,259,native,-77.540972,37.383667,124:138,,142:146,138:138,232:232,173:187,,104:124,128:128
nat23,0,native,-77.540972,37.383667,138:140,155:157,142:144,134:138,232:232,167:173,109:109,104:124,128:128
nat23,2,native,-77.540972,37.383667,138:138,,142:150,138:138,232:232,167:171,107:109,100:124,114:128
nat23,501,native,-77.540972,37.383667,130:138,153:155,122:142,138:138,224:232,173:187,91:109,104:108,114:128
nat25,582,native,-77.531111,37.395417,124:124,147:155,122:154,138:138,232:232,159:171,91:109,106:106,120:120
nat25,613,native,-77.531111,37.395417,130:140,147:155,122:154,134:138,232:232,159:177,109:109,106:106,120:122
nat25,0,native,-77.531111,37.395417,,155:157,110:122,134:138,232:232,159:177,107:109,106:106,120:132
nat25,187,native,-77.531111,37.395417,132:132,157:159,110:154,134:138,232:232,171:177,107:107,104:106,126:132
nat25,267,native,-77.531111,37.395417,134:134,153:157,110:128,138:138,232:232,177:177,,104:106,122:132
nat25,299,native,-77.531111,37.395417,124:124,153:155,122:142,138:138,232:232,167:177,107:107,106:118,114:132
nat25,433,native,-77.531111,37.395417,140:140,153:157,110:148,132:138,222:232,159:181,107:115,106:106,128:132
nat25,520,native,-77.531111,37.395417,134:134,155:157,110:142,134:138,224:232,159:171,109:109,106:106,128:132
nat25,537,native,-77.531111,37.395417,134:134,155:157,122:142,134:138,232:232,159:169,91:107,106:118,132:132
nat26,0,native,-77.538583,37.398972,136:136,153:155,130:138,138:138,224:224,165:187,107:119,104:104,126:128
nat26,151,native,-77.538583,37.398972,130:136,155:155,138:140,134:138,224:232,165:179,107:113,104:118,126:132
nat26,182,native,-77.538583,37.398972,136:142,153:157,130:136,138:138,224:236,165:169,107:107,104:108,124:128
nat26,47,native,-77.538583,37.398972,136:138,147:155,138:144,138:138,224:224,187:187,107:119,104:108,120:128
nat26,471,native,-77.538583,37.398972,120:136,155:155,138:140,138:138,222:224,165:169,107:107,104:104,122:128
nat26,561,native,-77.538583,37.398972,134:136,155:157,136:138,138:138,224:232,165:169,107:107,104:108,124:128
nat26,625,native,-77.538583,37.398972,124:136,147:155,138:144,138:138,224:232,187:187,109:119,104:108,120:128
nat26,345,native,-77.538583,37.398972,120:136,,,134:138,224:224,187:187,107:107,,126:128
nat26,269,native,-77.538583,37.398972,120:136,153:155,130:140,138:138,224:232,165:171,105:107,104:104,128:128
nat26,310,native,-77.538583,37.398972,120:136,153:153,110:130,132:138,222:224,167:187,109:119,104:108,128:128
nat26,338,native,-77.538583,37.398972,120:136,153:153,130:152,138:138,224:232,169:187,107:117,104:106,114:128
nat26,424,native,-77.538583,37.398972,120:136,155:155,112:138,138:138,224:224,187:187,103:119,104:124,126:128
nat26,373,native,-77.538583,37.398972,120:136,153:155,130:138,134:138,224:232,169:187,,104:104,126:128
nat26,402,native,-77.538583,37.398972,120:136,155:157,130:138,134:138,222:224,165:183,107:117,104:108,122:128
nat26,414,native,-77.538583,37.398972,120:136,155:157,130:130,134:138,224:224,187:187,119:119,104:104,128:128
nat27,0,native,-77.539944,37.398861,120:136,153:153,110:128,138:138,222:232,169:179,107:115,108:110,128:128
nat27,406,native,-77.539944,37.398861,120:136,153:153,110:124,138:138,222:232,169:173,115:115,104:108,126:128
nat27,517,native,-77.539944,37.398861,136:138,153:155,124:128,138:138,232:232,171:179,105:107,104:110,124:128
nat27,57,native,-77.539944,37.398861,120:134,153:155,110:142,138:138,232:232,179:183,107:115,104:110,128:128
nat27,655,native,-77.539944,37.398861,120:120,153:155,110:168,134:138,222:232,169:171,107:107,104:110,128:128
nat27,141,native,-77.539944,37.398861,136:136,153:153,110:130,138:138,222:224,177:179,115:119,108:124,
nat27,152,native,-77.539944,37.398861,136:146,153:159,110:122,138:138,232:232,,107:109,108:110,128:128
nat27,181,native,-77.539944,37.398861,120:134,153:159,110:122,138:138,222:232,167:179,91:107,104:108,128:128
nat27,206,native,-77.539944,37.398861,120:120,153:155,110:142,138:138,222:232,167:179,107:115,108:110,128:128
nat27,347,native,-77.539944,37.398861,120:120,,128:142,138:138,232:232,169:183,,104:108,128:128
nat27,4,native,-77.539944,37.398861,134:136,153:155,128:142,138:138,232:232,179:183,91:115,108:110,120:128
nat29,0,native,-77.542889,37.399611,120:140,155:155,120:136,132:138,232:232,169:185,109:121,104:108,128:128
nat29,122,native,-77.542889,37.399611,120:146,,,138:146,232:232,169:181,109:109,104:108,128:128
nat29,137,native,-77.542889,37.399611,,155:157,,126:132,232:232,169:181,117:121,104:108,128:128
nat29,139,native,-77.542889,37.399611,,153:155,,138:146,232:232,169:173,109:109,104:108,122:128
nat29,153,native,-77.542889,37.399611,120:120,,,132:138,232:232,169:179,109:123,104:108,128:130
nat29,188,native,-77.542889,37.399611,120:142,155:155,,138:138,232:232,169:181,109:117,104:108,122:128
nat29,423,native,-77.542889,37.399611,,155:157,,138:138,230:232,169:177,107:109,104:106,128:138
nat29,479,native,-77.542889,37.399611,120:132,153:155,,132:138,232:232,169:169,107:121,108:108,118:128
nat29,5,native,-77.542889,37.399611,120:120,153:155,,126:132,232:232,169:181,109:109,104:108,122:128
nat29,544,native,-77.542889,37.399611,120:134,,,126:132,232:232,169:179,109:115,104:118,128:128
nat29,565,native,-77.542889,37.399611,120:142,153:155,,126:138,230:232,169:181,109:117,104:108,128:128
nat29,620,native,-77.542889,37.399611,138:140,,,138:138,232:232,169:179,107:109,,114:128
nat29,99,native,-77.542889,37.399611,120:142,155:155,,126:138,232:232,169:173,109:117,104:104,128:128
urb15,0,cultivar,-77.465542,37.454236,136:146,153:153,110:136,138:138,232:232,171:171,99:107,100:120,128:128
urb15,4126,cultivar,-77.465542,37.454236,120:136,153:153,110:146,138:138,232:232,167:171,107:109,104:120,114:128
urb15,4127,cultivar,-77.465542,37.454236,120:136,153:155,136:148,138:138,232:232,171:171,107:107,118:120,114:128
urb15,4128A,cultivar,-77.465542,37.454236,120:146,153:153,110:146,138:138,232:232,167:171,99:107,118:120,126:128
urb15,4128B,cultivar,-77.465542,37.454236,120:136,153:153,110:146,138:138,232:232,171:171,107:107,104:120,126:128
urb15,4129A,cultivar,-77.465542,37.454236,120:136,153:153,110:128,138:138,232:232,171:187,99:105,104:120,126:128
urb15,4129B,cultivar,-77.465542,37.454236,136:136,153:153,124:136,138:144,232:232,169:171,99:107,100:118,126:128
urb15,4130,cultivar,-77.465542,37.454236,146:146,153:155,132:136,138:138,232:232,171:171,99:99,100:118,114:128
urb15,4131,cultivar,-77.465542,37.454236,136:138,153:155,110:140,138:138,232:232,171:179,99:107,104:120,124:128
urb15,4132,cultivar,-77.465542,37.454236,120:136,153:155,136:148,138:138,232:232,171:171,99:107,100:118,126:128
urb15,4133,cultivar,-77.465542,37.454236,138:146,153:155,110:114,138:142,232:232,171:177,107:125,114:120,118:128
urb15,4134,cultivar,-77.465542,37.454236,120:146,153:153,136:146,138:138,232:232,167:171,107:109,104:120,114:128
urb15,4135,cultivar,-77.465542,37.454236,120:136,153:153,110:146,138:138,232:232,167:171,,100:104,114:128
urb15,4136,cultivar,-77.465542,37.454236,134:146,153:155,110:148,138:138,232:232,167:171,,104:120,114:128
urb15,4137,cultivar,-77.465542,37.454236,134:146,153:155,136:148,138:138,232:232,171:171,,104:120,126:128
urb15,4138,cultivar,-77.465542,37.454236,146:146,153:153,110:140,138:138,232:232,169:171,,100:108,128:128
urb15,4139,cultivar,-77.465542,37.454236,134:146,153:153,136:146,138:138,232:232,171:171,107:107,100:104,126:128
urb16,0,cultivar,-77.468864,37.501516,134:138,153:155,136:140,126:138,232:236,165:171,91:111,102:108,120:122
urb16,3922,cultivar,-77.468864,37.501516,134:136,153:155,136:140,126:140,232:236,165:167,107:111,100:102,120:122
urb16,3924,cultivar,-77.468864,37.501516,120:138,153:155,136:148,126:140,232:232,165:165,91:113,104:108,120:122
urb16,3925,cultivar,-77.468864,37.501516,138:138,153:153,112:140,126:126,232:232,165:189,105:111,102:108,120:122
urb16,3926,cultivar,-77.468864,37.501516,120:138,153:153,112:140,126:126,232:232,165:171,105:111,102:108,120:122
urb16,3927,cultivar,-77.468864,37.501516,134:138,155:155,136:136,138:138,232:232,165:171,109:111,102:108,120:122
urb16,3928,cultivar,-77.468864,37.501516,134:136,153:157,130:140,126:138,232:232,165:187,109:111,102:102,114:120
urb16,3929,cultivar,-77.468864,37.501516,134:138,153:153,136:140,126:126,222:236,165:177,111:111,108:108,120:128
urb16,3930,cultivar,-77.468864,37.501516,,153:153,140:148,138:140,232:236,165:165,91:107,100:108,120:122
urb16,3931,cultivar,-77.468864,37.501516,134:136,153:155,136:140,126:140,224:232,165:173,107:111,108:108,122:128
urb16,3932,cultivar,-77.468864,37.501516,120:138,153:153,112:140,126:132,232:236,165:189,111:111,102:102,120:120
urb16,3933,cultivar,-77.468864,37.501516,120:138,153:155,136:140,126:132,232:232,171:171,105:111,104:108,120:122
urb16,3934,cultivar,-77.468864,37.501516,134:134,153:153,136:140,126:138,232:236,171:183,111:111,108:108,122:128
urb16,3935,cultivar,-77.468864,37.501516,120:138,153:153,140:140,132:138,232:236,165:189,111:111,104:108,120:122
urb16,3936,cultivar,-77.468864,37.501516,120:138,153:155,128:136,126:138,232:236,165:167,91:115,100:102,120:128
urb16,3937,cultivar,-77.468864,37.501516,120:138,153:153,140:148,126:138,232:236,165:165,111:113,100:102,120:120
urb16,3938,cultivar,-77.468864,37.501516,134:134,153:155,130:136,126:126,222:236,171:177,91:113,102:108,120:120
urb17,0,cultivar,-77.483858,37.458609,120:134,157:159,142:162,138:138,232:232,171:197,91:109,104:114,114:128
urb17,207,cultivar,-77.483858,37.458609,120:124,153:157,142:162,138:138,232:232,171:171,91:107,104:106,114:126
urb17,213,cultivar,-77.483858,37.458609,120:120,155:157,120:162,,232:232,171:171,91:109,104:114,
urb17,250,cultivar,-77.483858,37.458609,120:120,,162:162,138:138,232:232,159:197,,94:114,128:128
urb17,276,cultivar,-77.483858,37.458609,120:138,,142:150,134:138,232:232,163:171,,104:104,128:128
urb17,280,cultivar,-77.483858,37.458609,120:120,153:157,140:142,138:138,232:236,179:197,99:109,104:104,114:128
urb17,300,cultivar,-77.483858,37.458609,120:120,,138:162,134:138,232:232,169:171,,112:114,118:128
urb17,311,cultivar,-77.483858,37.458609,120:138,,140:162,138:138,232:232,183:197,91:91,104:108,128:128
urb17,410,cultivar,-77.483858,37.458609,120:134,153:159,112:162,138:138,222:232,171:171,91:117,104:114,114:114
urb17,546,cultivar,-77.483858,37.458609,120:134,153:157,110:142,134:138,232:232,171:171,107:109,104:104,128:128
urb17,570,cultivar,-77.483858,37.458609,120:120,155:157,142:144,134:138,232:232,167:197,91:99,104:108,128:128
urb17,617,cultivar,-77.483858,37.458609,120:146,157:157,128:142,136:138,232:232,171:197,109:113,104:104,114:128
urb17,621,cultivar,-77.483858,37.458609,120:120,157:157,122:142,134:138,232:232,163:171,91:109,104:114,114:128
urb17,70,cultivar,-77.483858,37.458609,120:146,153:157,124:142,136:138,232:232,169:197,109:111,104:118,114:128
urb17,80,cultivar,-77.483858,37.458609,130:134,153:157,142:162,138:138,232:232,171:171,91:107,106:114,128:128
urb18,0,cultivar,-77.479633,37.453836,134:146,155:157,134:144,134:138,232:232,169:179,99:111,108:118,126:128
urb18,128,cultivar,-77.479633,37.453836,132:134,155:157,,136:138,232:236,169:171,109:111,104:108,128:128
urb18,155,cultivar,-77.479633,37.453836,132:134,155:155,144:150,,232:232,169:183,91:111,108:118,122:126
urb18,298,cultivar,-77.479633,37.453836,136:146,153:155,134:142,134:136,232:232,179:179,,108:114,122:126
urb18,330,cultivar,-77.479633,37.453836,,,134:134,138:138,232:232,175:179,99:121,104:118,122:126
urb18,416,cultivar,-77.479633,37.453836,138:146,155:159,134:140,136:138,232:232,169:181,99:107,108:118,120:126
urb18,470,cultivar,-77.479633,37.453836,120:134,153:155,124:144,136:138,232:232,169:179,99:111,108:118,126:128
urb18,483,cultivar,-77.479633,37.453836,,155:155,134:140,136:138,232:232,177:179,91:111,104:108,126:128
urb18,509,cultivar,-77.479633,37.453836,120:134,153:155,134:138,,232:232,179:183,109:111,100:118,122:126
urb19,0,cultivar,-77.479067,37.480995,134:146,153:157,136:156,138:138,232:232,165:181,109:109,104:106,122:122
urb19,3561,cultivar,-77.479067,37.480995,136:146,153:155,132:136,138:138,232:232,169:181,109:111,104:118,114:122
urb19,3562,cultivar,-77.479067,37.480995,120:146,153:157,128:156,138:138,232:232,181:183,109:109,104:104,114:122
urb19,3563B,cultivar,-77.479067,37.480995,120:134,155:157,134:156,138:138,232:232,165:179,109:109,104:106,114:122
urb19,3565,cultivar,-77.479067,37.480995,136:146,153:157,150:156,138:138,232:232,165:189,109:117,104:118,122:126
urb19,3566,cultivar,-77.479067,37.480995,134:136,153:157,124:156,136:138,232:232,165:171,109:111,106:118,114:122
urb19,3567,cultivar,-77.479067,37.480995,134:136,153:159,136:136,138:144,232:232,163:181,107:109,104:110,122:128
urb19,3568,cultivar,-77.479067,37.480995,134:134,153:155,136:144,138:138,232:232,169:181,109:125,106:106,122:122
urb19,3569,cultivar,-77.479067,37.480995,120:146,153:157,146:156,138:138,232:232,165:173,109:117,102:106,114:122
urb19,3570,cultivar,-77.479067,37.480995,146:146,155:157,138:156,138:138,232:232,165:169,91:109,104:106,122:128
urb19,3571,cultivar,-77.479067,37.480995,130:146,153:153,136:154,138:146,232:232,165:173,109:117,106:116,122:124
urb19,3573,cultivar,-77.479067,37.480995,130:134,155:157,154:156,128:138,232:232,181:181,109:117,104:118,122:128
urb19,3574,cultivar,-77.479067,37.480995,126:134,153:157,148:156,138:138,232:232,165:177,107:109,104:118,114:122
urb19,3575,cultivar,-77.479067,37.480995,134:146,153:153,124:136,138:138,232:232,161:181,109:117,102:106,122:128
urb19,3576,cultivar,-77.479067,37.480995,146:146,153:155,136:148,126:138,232:232,165:169,109:117,104:118,122:128
urb19,3577,cultivar,-77.479067,37.480995,120:146,153:153,136:138,134:138,232:232,181:181,105:109,104:106,122:124
urb20,0,cultivar,-77.511846,37.44542,120:136,155:155,132:146,138:142,232:232,177:183,119:119,102:104,120:124
urb20,4146,cultivar,-77.511846,37.44542,134:136,153:155,140:146,134:138,232:232,177:183,109:119,102:104,120:126
urb20,4147,cultivar,-77.511846,37.44542,120:120,153:155,124:132,138:138,232:232,183:183,117:119,104:106,120:124
urb20,4148,cultivar,-77.511846,37.44542,120:120,155:157,136:146,138:138,232:232,177:183,,102:108,120:120
urb20,4149,cultivar,-77.511846,37.44542,136:136,155:157,132:136,138:138,232:232,165:177,,102:106,120:120
urb20,4150,cultivar,-77.511846,37.44542,120:120,155:155,136:146,138:138,232:232,171:183,,104:106,120:124
urb20,4151,cultivar,-77.511846,37.44542,120:136,155:157,132:136,138:142,232:232,183:183,,102:106,120:126
urb20,4152,cultivar,-77.511846,37.44542,120:134,153:155,138:146,138:138,232:232,163:177,,102:108,114:124
urb20,4153,cultivar,-77.511846,37.44542,120:120,155:157,132:136,138:142,232:232,165:177,109:119,104:106,120:124
urb20,4154A,cultivar,-77.511846,37.44542,136:136,155:157,136:146,138:142,232:232,183:183,117:119,102:108,120:126
urb20,4154B,cultivar,-77.511846,37.44542,120:120,153:155,124:132,138:142,232:232,177:183,,104:108,120:124
urb20,4155,cultivar,-77.511846,37.44542,120:120,155:157,132:136,138:142,232:232,165:183,,104:106,120:124
urb20,4156,cultivar,-77.511846,37.44542,136:136,155:157,132:136,138:138,232:232,165:183,,104:108,124:126
urb20,4157,cultivar,-77.511846,37.44542,136:136,155:157,124:146,138:138,232:232,165:183,,102:106,120:124
urb20,4158,cultivar,-77.511846,37.44542,136:136,153:155,124:132,138:138,232:232,165:177,,102:106,120:126
urb20,4159,cultivar,-77.511846,37.44542,120:136,153:155,124:146,138:138,232:232,177:183,,104:108,120:120
urb20,4163,cultivar,-77.511846,37.44542,120:136,153:155,124:132,138:138,232:232,177:183,109:119,102:108,124:126
urb21,0,cultivar,-77.483199,37.482151,120:142,153:155,146:154,138:138,222:232,171:185,91:119,106:120,114:128
urb21,3586,cultivar,-77.483199,37.482151,120:144,153:155,134:146,138:138,232:232,167:171,109:119,106:106,114:114
urb21,3588,cultivar,-77.483199,37.482151,120:144,153:155,134:146,138:138,222:232,167:171,91:107,104:106,114:114
urb21,3589,cultivar,-77.483199,37.482151,124:142,153:155,142:146,138:138,222:232,171:179,91:91,106:106,128:128
urb21,3590,cultivar,-77.483199,37.482151,120:144,153:157,136:146,138:138,232:232,171:177,91:109,106:120,114:114
urb21,3592,cultivar,-77.483199,37.482151,120:134,153:155,154:160,138:138,222:232,161:171,91:107,106:124,128:128
urb21,3593,cultivar,-77.483199,37.482151,142:142,155:157,142:154,138:138,232:232,171:179,105:119,106:106,114:128
urb21,3594,cultivar,-77.483199,37.482151,120:134,155:157,154:156,138:142,222:222,167:171,91:119,96:120,120:128
urb21,3595,cultivar,-77.483199,37.482151,120:146,155:157,154:156,138:138,232:232,171:181,91:109,104:106,114:122
urb21,3598,cultivar,-77.483199,37.482151,120:136,153:153,146:162,138:138,222:232,171:181,119:119,120:124,114:128
urb21,3600,cultivar,-77.483199,37.482151,120:124,153:155,146:146,138:138,232:232,177:185,91:107,104:106,114:128
urb21,3601,cultivar,-77.483199,37.482151,142:144,155:157,136:154,138:138,232:232,167:171,91:109,104:106,114:128
urb21,3602,cultivar,-77.483199,37.482151,120:142,153:153,142:146,126:138,232:232,165:171,107:119,104:120,114:114
urb21,3603,cultivar,-77.483199,37.482151,112:120,155:157,136:154,138:138,232:232,177:185,91:109,106:120,114:128
urb21,3604,cultivar,-77.483199,37.482151,120:144,153:157,136:146,138:138,222:232,167:185,109:119,106:120,114:128
urb21,3605,cultivar,-77.483199,37.482151,136:142,153:155,140:154,138:138,232:232,161:185,91:91,112:120,128:128
urb22,0,cultivar,-77.490548,37.463608,134:134,153:155,124:136,138:138,232:232,167:169,109:111,108:124,128:128
urb22,4801,cultivar,-77.490548,37.463608,134:136,153:153,124:134,126:138,232:232,165:169,109:111,106:108,120:128
urb22,4806A,cultivar,-77.490548,37.463608,134:146,153:155,124:136,138:138,232:232,169:171,109:111,108:118,114:128
urb22,4806B,cultivar,-77.490548,37.463608,134:146,153:155,124:132,138:138,232:232,167:171,,104:108,122:128
urb22,4808,cultivar,-77.490548,37.463608,134:146,153:155,124:136,138:138,232:232,163:167,99:109,108:124,114:128
urb22,4809A,cultivar,-77.490548,37.463608,134:136,153:155,134:136,126:138,232:232,165:167,109:111,106:124,120:128
urb22,4809B,cultivar,-77.490548,37.463608,134:134,153:153,124:134,126:138,232:232,169:177,109:111,106:124,120:128
urb22,4810,cultivar,-77.490548,37.463608,134:134,153:153,124:134,126:138,232:232,167:177,109:109,106:108,120:128
urb22,4811,cultivar,-77.490548,37.463608,130:134,153:155,136:148,138:138,232:232,169:173,107:111,104:124,128:128
urb22,4814,cultivar,-77.490548,37.463608,134:136,153:155,136:148,126:138,232:232,169:177,109:109,106:124,120:128
urb22,4815,cultivar,-77.490548,37.463608,134:134,153:155,136:148,126:138,232:232,169:177,109:109,106:124,120:128
urb22,4817,cultivar,-77.490548,37.463608,134:136,153:155,136:148,126:138,232:232,165:169,109:109,106:124,120:128
urb22,4818,cultivar,-77.490548,37.463608,134:136,153:153,124:134,126:138,232:232,169:177,109:109,106:108,120:128
urb22,4819,cultivar,-77.490548,37.463608,134:138,155:155,136:142,138:138,232:232,165:167,109:109,104:108,128:128
urb22,4820,cultivar,-77.490548,37.463608,134:134,153:153,124:148,126:138,232:232,165:167,109:109,106:108,120:128
urb22,4821,cultivar,-77.490548,37.463608,134:136,153:153,122:124,138:144,232:232,167:179,105:111,104:124,126:128
urb22,4822,cultivar,-77.490548,37.463608,134:134,153:155,124:132,138:138,232:232,169:169,111:111,104:124,122:128
urb23,0,cultivar,-77.499503,37.43491,134:138,153:157,112:142,128:138,232:232,171:195,109:113,100:104,114:120
urb23,132,cultivar,-77.499503,37.43491,124:134,155:157,124:142,138:138,232:232,183:195,107:113,104:104,120:120
urb23,143,cultivar,-77.499503,37.43491,134:138,153:153,112:142,128:128,224:232,195:195,109:109,100:108,114:126
urb23,144,cultivar,-77.499503,37.43491,138:138,153:157,124:142,128:138,232:232,169:171,99:113,104:118,114:114
urb23,178,cultivar,-77.499503,37.43491,120:134,155:157,124:142,128:138,232:232,169:171,91:113,104:108,120:120
urb23,228,cultivar,-77.499503,37.43491,134:134,155:157,112:138,128:142,232:232,169:195,105:113,100:100,120:120
urb23,24,cultivar,-77.499503,37.43491,120:138,155:157,140:142,138:138,232:232,171:181,107:109,100:104,120:120
urb23,29,cultivar,-77.499503,37.43491,134:136,153:155,112:144,134:138,232:232,181:195,109:111,100:108,114:128
urb23,313,cultivar,-77.499503,37.43491,120:138,,142:148,128:134,232:232,171:171,,104:108,120:128
urb23,316,cultivar,-77.499503,37.43491,120:138,,140:142,128:138,232:232,171:181,,100:102,120:128
urb23,418,cultivar,-77.499503,37.43491,120:138,153:155,112:138,126:128,232:232,171:171,91:113,104:106,114:120
urb23,528,cultivar,-77.499503,37.43491,134:134,155:157,142:144,128:134,232:232,181:195,111:113,104:108,114:128
urb23,542,cultivar,-77.499503,37.43491,120:138,155:157,112:112,134:138,232:232,171:181,91:113,100:114,
urb23,58,cultivar,-77.499503,37.43491,138:146,153:155,112:132,136:138,232:232,171:171,99:113,104:104,114:126
urb23,601,cultivar,-77.499503,37.43491,120:134,153:155,112:112,126:128,232:232,171:171,,,120:124
urb23,604,cultivar,-77.499503,37.43491,138:138,155:157,142:144,126:138,232:232,167:195,,100:104,120:128
urb23,645,cultivar,-77.499503,37.43491,,153:155,112:134,128:138,232:232,169:195,,100:118,114:114
urb23,81,cultivar,-77.499503,37.43491,138:138,153:153,112:122,128:138,232:232,171:171,91:109,100:104,114:128
urb24,0,cultivar,-77.507896,37.428632,136:138,147:153,122:138,138:138,232:232,185:185,99:117,104:104,124:128
urb24,133,cultivar,-77.507896,37.428632,,,122:138,134:138,232:232,177:185,117:117,102:104,126:128
urb24,160,cultivar,-77.507896,37.428632,134:138,147:153,122:154,138:138,232:232,177:185,117:117,102:104,114:124
urb24,169,cultivar,-77.507896,37.428632,,153:153,138:138,,232:232,179:185,99:99,102:104,
urb24,209,cultivar,-77.507896,37.428632,134:136,147:153,138:154,138:138,232:232,177:185,99:99,104:118,124:124
urb24,234,cultivar,-77.507896,37.428632,120:138,,136:138,134:138,232:232,185:185,,104:104,124:128
urb24,248,cultivar,-77.507896,37.428632,120:138,,122:154,138:138,232:232,177:185,117:117,104:118,124:124
urb24,284,cultivar,-77.507896,37.428632,136:138,153:153,122:154,138:138,232:232,185:185,,102:104,114:128
urb24,431,cultivar,-77.507896,37.428632,136:138,153:153,138:154,138:138,232:232,177:185,99:99,102:104,114:128
urb24,449,cultivar,-77.507896,37.428632,,147:157,138:182,138:138,232:232,185:185,99:107,104:118,124:126
urb24,516,cultivar,-77.507896,37.428632,120:138,147:153,122:154,134:138,232:232,177:185,117:117,102:104,114:128
urb24,585,cultivar,-77.507896,37.428632,,147:157,122:140,138:138,232:232,185:187,99:107,104:118,128:128
urb24,60,cultivar,-77.507896,37.428632,136:136,147:153,122:154,138:138,232:232,185:185,117:117,104:118,124:128
urb24,628,cultivar,-77.507896,37.428632,120:136,153:153,138:138,138:138,232:232,185:185,117:117,102:104,114:128
urb24,96,cultivar,-77.507896,37.428632,134:138,147:153,122:122,138:138,232:232,177:185,99:99,102:104,124:128
urb25,0,cultivar,-77.46576,37.433422,124:138,153:155,140:140,138:140,232:232,167:167,91:109,102:102,122:128
urb25,131,cultivar,-77.46576,37.433422,138:146,155:155,132:140,138:140,232:232,167:169,109:111,102:118,126:128
urb25,192,cultivar,-77.46576,37.433422,138:138,155:155,140:144,140:142,232:232,167:167,91:91,102:104,122:128
urb25,198,cultivar,-77.46576,37.433422,124:146,153:155,124:140,138:138,232:232,163:167,91:99,102:108,122:128
urb25,335,cultivar,-77.46576,37.433422,120:138,,140:140,134:138,232:232,167:167,91:91,102:104,120:122
urb25,344,cultivar,-77.46576,37.433422,134:138,153:157,122:140,134:138,232:232,167:167,91:109,100:102,122:128
urb25,348,cultivar,-77.46576,37.433422,120:138,,140:140,134:138,232:232,167:167,109:109,102:102,128:128
urb25,371,cultivar,-77.46576,37.433422,120:124,153:155,140:144,138:138,232:232,167:167,91:91,102:104,120:128
urb25,374,cultivar,-77.46576,37.433422,138:138,155:155,140:144,140:140,232:232,167:167,91:91,102:104,122:128
urb25,403,cultivar,-77.46576,37.433422,120:138,153:155,140:144,138:138,232:232,167:167,91:91,102:104,120:128
urb25,412,cultivar,-77.46576,37.433422,136:138,153:155,124:140,136:138,232:232,167:167,91:111,102:118,128:130
urb25,415,cultivar,-77.46576,37.433422,134:138,153:155,130:140,138:138,232:232,167:181,91:99,100:102,122:122
urb25,442,cultivar,-77.46576,37.433422,136:138,155:155,,140:140,232:232,167:181,91:109,100:102,122:128
urb25,452,cultivar,-77.46576,37.433422,120:138,155:157,130:140,134:138,232:232,167:179,99:109,102:102,128:128
urb25,478,cultivar,-77.46576,37.433422,124:138,153:155,130:140,138:138,232:232,167:181,91:99,102:118,122:128
urb25,486,cultivar,-77.46576,37.433422,138:138,153:155,140:144,140:142,232:232,167:167,91:91,102:104,122:128
urb25,518,cultivar,-77.46576,37.433422,124:132,153:155,128:140,132:138,232:232,163:167,,102:106,120:128
urb25,590,cultivar,-77.46576,37.433422,124:138,153:157,138:140,138:138,232:232,167:179,91:111,102:110,128:128
urb25,88,cultivar,-77.46576,37.433422,124:138,153:157,140:140,140:142,232:232,167:175,91:109,102:104,120:122
urb26,0,cultivar,-77.511298,37.427882,120:134,153:153,142:148,134:138,232:232,165:167,107:111,108:108,114:122
urb26,104,cultivar,-77.511298,37.427882,134:136,153:155,144:148,138:138,232:232,167:173,107:107,108:120,122:122
urb26,109,cultivar,-77.511298,37.427882,120:134,153:153,138:142,138:138,232:232,165:195,111:115,100:108,114:122
urb26,180,cultivar,-77.511298,37.427882,120:134,153:153,134:148,138:138,232:232,167:167,111:111,108:108,122:124
urb26,268,cultivar,-77.511298,37.427882,134:140,153:153,134:148,134:138,232:232,167:167,,104:108,122:124
urb26,273,cultivar,-77.511298,37.427882,120:142,153:153,140:142,134:138,232:232,167:169,,108:108,122:128
urb26,320,cultivar,-77.511298,37.427882,120:134,,138:148,134:138,232:232,167:195,,100:108,114:114
urb26,386,cultivar,-77.511298,37.427882,120:140,153:153,,134:138,232:232,167:167,,104:108,114:124
urb26,502,cultivar,-77.511298,37.427882,120:130,153:153,140:148,134:138,224:232,167:187,109:111,108:108,114:128
urb26,525,cultivar,-77.511298,37.427882,124:134,153:157,142:144,138:146,232:232,165:181,107:111,104:108,114:114
urb26,551,cultivar,-77.511298,37.427882,120:134,153:155,148:182,134:138,232:232,165:171,111:111,102:108,114:122
urb26,578,cultivar,-77.511298,37.427882,120:120,153:153,122:148,134:138,232:232,165:185,,104:108,122:128
urb26,624,cultivar,-77.511298,37.427882,120:120,153:155,122:142,134:138,224:232,167:169,,106:108,122:128
urb26,633,cultivar,-77.511298,37.427882,134:134,153:153,148:162,134:138,232:232,165:169,,108:108,114:128
urb26,661,cultivar,-77.511298,37.427882,120:120,147:153,122:142,134:138,232:232,165:185,,104:108,122:128
urb27,0,cultivar,-77.5458581,37.4142286,136:136,153:157,140:156,138:138,232:232,163:167,105:109,104:116,124:126
urb27,5151,cultivar,-77.5458581,37.4142286,136:136,153:155,128:156,138:138,232:232,163:163,109:115,100:104,124:130
urb27,5154,cultivar,-77.5458581,37.4142286,134:136,153:153,140:140,138:138,232:232,167:177,99:109,106:116,124:126
urb27,5156A,cultivar,-77.5458581,37.4142286,136:136,153:157,124:140,138:138,232:232,163:171,105:111,104:118,124:126
urb27,5156B,cultivar,-77.5458581,37.4142286,136:146,153:157,124:140,138:138,232:232,163:169,99:105,104:118,114:126
urb27,5157,cultivar,-77.5458581,37.4142286,136:136,153:157,140:148,138:138,232:232,163:163,107:109,100:104,126:130
urb27,5158,cultivar,-77.5458581,37.4142286,136:136,153:157,124:140,138:138,232:232,167:171,99:105,116:118,126:126
urb27,5159,cultivar,-77.5458581,37.4142286,120:136,153:157,128:140,138:140,224:232,163:177,109:119,106:116,124:128
urb27,5160A,cultivar,-77.5458581,37.4142286,120:136,153:155,128:156,138:138,232:232,167:167,109:115,104:104,126:130
urb27,5160B,cultivar,-77.5458581,37.4142286,120:136,155:157,128:140,126:138,232:232,167:181,,100:104,126:130
urb27,5162,cultivar,-77.5458581,37.4142286,136:146,153:153,124:156,138:138,232:232,167:171,99:109,104:104,114:124
urb27,5163A,cultivar,-77.5458581,37.4142286,136:136,153:155,132:156,138:138,232:232,167:169,99:109,104:118,114:124
urb27,5163B,cultivar,-77.5458581,37.4142286,136:136,153:157,124:140,138:138,232:232,163:167,105:107,104:104,126:126
urb27,5164,cultivar,-77.5458581,37.4142286,120:136,153:157,140:156,134:138,232:232,167:173,105:119,104:106,122:124
urb27,5165A,cultivar,-77.5458581,37.4142286,136:146,153:153,124:156,138:138,232:232,167:169,99:109,116:118,114:126
urb27,5165B,cultivar,-77.5458581,37.4142286,124:136,153:157,122:156,138:138,232:232,163:181,107:109,116:118,114:124
urb27,5168,cultivar,-77.5458581,37.4142286,120:136,153:153,142:156,138:138,232:232,167:177,105:109,106:116,120:124
urb28,0,cultivar,-77.48653,37.427128,120:138,157:157,142:150,138:138,222:236,163:171,113:119,102:108,124:126
urb28,103,cultivar,-77.48653,37.427128,120:134,153:157,124:142,138:138,232:236,,99:119,108:118,126:128
urb28,118,cultivar,-77.48653,37.427128,120:120,155:157,124:142,134:138,232:236,171:171,111:113,102:118,126:128
urb28,135,cultivar,-77.48653,37.427128,120:136,155:157,134:142,136:138,222:232,169:171,111:113,102:118,124:126
urb28,171,cultivar,-77.48653,37.427128,120:146,153:157,,138:138,232:236,,117:119,108:118,114:124
urb28,205,cultivar,-77.48653,37.427128,138:146,155:157,134:142,138:138,222:232,171:171,111:113,102:118,114:124
urb28,240,cultivar,-77.48653,37.427128,136:138,155:157,134:142,138:138,222:232,171:171,111:113,102:118,114:124
urb28,27,cultivar,-77.48653,37.427128,138:146,153:157,124:150,138:138,232:236,165:171,111:119,102:118,124:126
urb28,295,cultivar,-77.48653,37.427128,120:134,153:157,140:150,138:138,222:232,163:171,,108:108,124:128
urb28,318,cultivar,-77.48653,37.427128,120:136,153:157,124:142,136:138,222:232,163:171,,102:118,126:126
urb28,34,cultivar,-77.48653,37.427128,138:146,153:157,124:150,138:138,232:236,169:171,99:119,102:102,114:126
urb28,369,cultivar,-77.48653,37.427128,120:120,157:157,124:142,136:138,232:236,163:171,,108:118,114:126
urb28,387,cultivar,-77.48653,37.427128,120:138,155:157,134:150,138:138,,171:171,,108:108,114:126
urb28,39,cultivar,-77.48653,37.427128,136:138,153:157,124:150,138:138,232:236,163:171,111:119,102:118,114:124
urb28,474,cultivar,-77.48653,37.427128,120:138,153:157,140:142,138:138,222:232,163:163,99:119,102:118,114:124
urb28,49,cultivar,-77.48653,37.427128,134:138,155:157,140:150,138:138,222:232,171:179,91:113,108:110,124:126
urb28,50,cultivar,-77.48653,37.427128,120:146,153:157,124:150,136:138,232:236,169:171,99:119,102:118,126:126
urb28,506,cultivar,-77.48653,37.427128,120:146,153:157,140:142,138:138,232:236,169:171,99:119,102:118,114:124
urb28,512,cultivar,-77.48653,37.427128,120:138,157:157,150:150,138:138,222:236,171:171,109:119,102:110,124:126
urb28,541,cultivar,-77.48653,37.427128,120:120,155:157,140:142,134:138,222:232,163:169,111:119,102:108,114:126
urb28,62,cultivar,-77.48653,37.427128,138:146,153:157,124:150,138:138,232:236,165:171,111:113,108:118,124:126
urb28,660,cultivar,-77.48653,37.427128,120:120,155:157,134:142,134:138,222:232,163:171,99:119,108:118,124:128
urb28,75,cultivar,-77.48653,37.427128,120:138,155:157,134:150,134:138,,171:171,111:113,102:118,124:126
urb29,0,cultivar,-77.511703,37.423204,124:136,155:157,112:134,138:138,220:232,165:179,105:117,106:106,114:120
urb29,113,cultivar,-77.511703,37.423204,120:124,155:157,112:140,126:138,232:232,179:183,117:117,106:108,120:120
urb29,124,cultivar,-77.511703,37.423204,120:124,155:155,112:112,138:138,232:232,165:165,117:117,106:106,114:120
urb29,165,cultivar,-77.511703,37.423204,120:124,,112:112,138:138,232:232,179:183,117:117,106:106,
urb29,394,cultivar,-77.511703,37.423204,124:136,153:157,,138:138,232:232,165:181,107:117,106:108,114:120
urb29,400,cultivar,-77.511703,37.423204,120:124,153:157,134:140,126:138,232:232,165:183,117:117,106:108,120:120
urb29,504,cultivar,-77.511703,37.423204,120:136,153:155,112:132,138:138,232:232,165:165,117:117,,120:120
urb29,552,cultivar,-77.511703,37.423204,120:136,157:157,112:140,126:138,232:232,165:179,117:117,106:106,114:120
urb31,0,cultivar,-77.500805,37.42318,120:134,155:157,134:148,134:138,232:232,171:179,107:117,104:114,114:128
urb31,108,cultivar,-77.500805,37.42318,120:120,155:157,148:164,126:138,232:232,171:175,117:117,104:106,114:128
urb31,231,cultivar,-77.500805,37.42318,120:140,153:155,,138:138,232:232,,,102:104,128:128
urb31,247,cultivar,-77.500805,37.42318,120:124,,134:134,126:138,232:232,,117:117,,128:128
urb31,308,cultivar,-77.500805,37.42318,118:120,,,138:142,232:232,173:179,101:117,,128:128
urb31,346,cultivar,-77.500805,37.42318,120:136,155:155,,128:138,232:236,171:177,,,128:128
urb31,460,cultivar,-77.500805,37.42318,120:120,155:157,148:148,134:138,232:232,171:175,117:117,102:114,128:128
urb31,481,cultivar,-77.500805,37.42318,120:134,,124:134,138:138,232:232,171:175,99:117,104:106,128:128
urb31,514,cultivar,-77.500805,37.42318,120:140,155:155,,138:138,232:232,175:179,,102:104,124:128
urb31,539,cultivar,-77.500805,37.42318,120:124,155:157,,138:138,232:232,,,104:106,124:128
urb31,55,cultivar,-77.500805,37.42318,120:140,153:155,,138:138,232:232,,,102:104,124:128
urb31,576,cultivar,-77.500805,37.42318,120:146,153:155,,134:138,232:232,,,104:106,120:128
urb31,588,cultivar,-77.500805,37.42318,124:134,,124:134,138:138,232:232,171:175,99:107,102:104,128:128
urb31,612,cultivar,-77.500805,37.42318,124:134,153:157,124:148,126:138,232:232,,117:117,106:114,128:128
urb31,644,cultivar,-77.500805,37.42318,120:120,155:155,,134:138,224:232,171:175,,,128:128
urb32,0,cultivar,-77.491558,37.413989,124:130,153:155,136:146,138:138,232:232,171:181,107:107,100:114,128:128
urb32,189,cultivar,-77.491558,37.413989,124:138,153:155,146:150,138:144,232:232,171:181,107:121,100:108,128:128
urb32,264,cultivar,-77.491558,37.413989,124:140,,136:150,134:138,232:232,,107:121,100:108,128:128
urb32,378,cultivar,-77.491558,37.413989,124:136,153:155,134:146,138:138,232:232,169:181,107:111,100:118,126:128
urb32,382,cultivar,-77.491558,37.413989,130:142,153:155,146:148,138:138,232:232,171:171,91:107,108:114,126:128
urb32,390,cultivar,-77.491558,37.413989,130:146,155:155,,138:138,232:232,169:171,99:107,100:118,114:128
urb32,42,cultivar,-77.491558,37.413989,130:142,153:155,146:150,138:138,232:232,165:181,107:121,100:100,120:128
urb32,420,cultivar,-77.491558,37.413989,130:130,,136:138,138:138,232:232,171:181,91:107,108:114,124:128
urb32,45,cultivar,-77.491558,37.413989,130:142,153:153,136:148,138:144,232:232,171:171,107:121,100:108,120:128
urb32,53,cultivar,-77.491558,37.413989,130:138,153:155,146:148,138:144,232:232,165:171,107:121,100:100,120:128
urb32,550,cultivar,-77.491558,37.413989,124:138,153:153,136:150,138:138,232:232,165:181,91:107,108:114,120:128
urb32,618,cultivar,-77.491558,37.413989,124:136,151:153,124:146,138:138,232:232,171:171,99:107,114:118,114:128
urb32,635,cultivar,-77.491558,37.413989,120:124,155:155,128:146,138:138,232:232,169:171,99:107,100:104,124:128
urb32,64,cultivar,-77.491558,37.413989,130:142,153:153,136:148,138:138,232:232,171:181,107:121,100:108,128:128
urb32,658,cultivar,-77.491558,37.413989,124:142,153:153,136:150,138:144,232:232,171:171,107:121,108:114,120:128
urb32,72,cultivar,-77.491558,37.413989,124:142,153:153,136:148,138:144,232:232,165:181,91:107,100:108,120:128
urb33,0,cultivar,-77.5265972,37.419995,130:142,153:155,110:144,138:138,224:232,181:189,119:119,106:108,126:128
urb33,4366,cultivar,-77.5265972,37.419995,124:142,153:155,110:142,138:146,224:232,181:181,107:119,106:108,114:126
urb33,4367,cultivar,-77.5265972,37.419995,120:142,155:155,110:146,128:138,224:232,163:189,105:119,104:108,126:126
urb33,4368,cultivar,-77.5265972,37.419995,130:136,153:153,142:144,138:142,224:232,179:189,105:119,104:108,118:128
urb33,4369,cultivar,-77.5265972,37.419995,120:130,153:153,128:144,138:142,232:232,163:189,105:119,104:108,120:128
urb33,4371,cultivar,-77.5265972,37.419995,120:142,155:155,110:130,132:138,224:224,189:189,,106:108,126:126
urb33,4372,cultivar,-77.5265972,37.419995,120:130,155:155,110:148,138:138,232:232,171:181,,104:108,114:126
urb33,4373,cultivar,-77.5265972,37.419995,120:142,155:155,110:128,128:138,224:232,163:189,,104:106,128:128
urb33,4374,cultivar,-77.5265972,37.419995,130:138,153:157,134:144,134:138,232:232,181:187,107:119,104:106,120:128
urb33,4375,cultivar,-77.5265972,37.419995,142:142,155:155,110:148,138:138,232:232,171:189,119:119,104:106,114:126
urb33,4376,cultivar,-77.5265972,37.419995,142:142,153:155,110:130,138:146,232:232,175:181,,108:118,128:128
urb33,4377,cultivar,-77.5265972,37.419995,142:146,153:155,132:144,138:138,232:232,171:189,,108:118,114:128
urb33,4378,cultivar,-77.5265972,37.419995,140:142,153:157,144:144,138:138,224:232,169:189,107:119,104:108,126:126
urb33,4379,cultivar,-77.5265972,37.419995,130:142,155:155,110:148,138:138,224:232,171:189,119:119,104:106,114:126
urb33,4380,cultivar,-77.5265972,37.419995,142:146,153:155,132:144,136:138,224:232,171:181,111:119,106:118,126:126
urb33,4381,cultivar,-77.5265972,37.419995,142:142,153:155,110:144,138:138,232:232,171:181,,108:108,114:126
urb33,4382,cultivar,-77.5265972,37.419995,120:142,155:157,110:132,134:138,224:232,171:189,119:129,104:106,128:128
urb34,0,cultivar,-77.540785,37.426772,126:126,155:157,148:150,138:138,232:232,169:169,91:117,100:106,114:130
urb34,3741,cultivar,-77.540785,37.426772,126:138,153:155,150:154,134:138,232:232,,109:117,106:120,128:130
urb34,3742,cultivar,-77.540785,37.426772,126:146,157:157,128:148,128:138,232:232,,99:117,100:104,114:128
urb34,3743,cultivar,-77.540785,37.426772,126:148,155:157,132:148,138:138,232:232,,91:91,106:108,128:130
urb34,3745,cultivar,-77.540785,37.426772,126:136,155:157,132:148,138:138,232:232,169:171,99:117,100:118,114:114
urb34,3748,cultivar,-77.540785,37.426772,126:130,157:157,148:150,138:138,232:232,,91:109,106:108,114:128
urb34,3750,cultivar,-77.540785,37.426772,120:126,153:157,112:148,132:138,232:232,,91:119,100:108,114:114
urb34,3751A,cultivar,-77.540785,37.426772,120:126,153:157,122:148,134:138,232:232,,91:99,104:106,128:130
urb34,3751B,cultivar,-77.540785,37.426772,126:150,155:157,130:148,138:138,232:232,163:169,91:109,106:108,122:130
urb34,3753,cultivar,-77.540785,37.426772,126:146,155:155,146:150,138:138,232:232,169:169,99:117,100:118,126:130
urb34,3754,cultivar,-77.540785,37.426772,126:134,155:157,136:150,138:138,232:232,,91:107,100:106,120:130
urb34,3755,cultivar,-77.540785,37.426772,126:146,153:155,128:148,138:138,232:232,,99:117,106:118,114:118
urb34,3756A,cultivar,-77.540785,37.426772,126:126,153:155,122:150,138:146,232:232,169:179,115:117,106:110,122:130
urb34,3756B,cultivar,-77.540785,37.426772,126:126,153:155,112:150,138:146,232:232,,91:105,100:110,114:122
urb34,3758,cultivar,-77.540785,37.426772,126:146,153:155,122:150,138:146,232:232,,115:117,106:116,114:122
urb34,3759,cultivar,-77.540785,37.426772,126:134,153:155,136:148,138:138,232:232,169:171,107:117,106:118,126:130
urb35,0,cultivar,-77.490064,37.437777,132:142,153:157,106:136,138:138,232:232,173:173,99:99,104:114,114:120
urb35,5037A,cultivar,-77.490064,37.437777,132:146,153:153,124:136,136:138,232:232,171:173,,114:118,114:114
urb35,5037B,cultivar,-77.490064,37.437777,142:146,155:157,106:132,138:138,232:232,169:173,,114:118,114:114
urb35,5038,cultivar,-77.490064,37.437777,132:138,153:157,106:130,138:138,232:232,169:173,99:99,104:114,120:120
urb35,5039,cultivar,-77.490064,37.437777,132:146,153:153,124:136,136:138,232:232,171:173,99:107,114:118,120:126
urb35,5040,cultivar,-77.490064,37.437777,136:142,155:157,106:132,138:138,232:232,,99:99,104:118,114:120
urb35,5042,cultivar,-77.490064,37.437777,132:146,153:155,132:136,136:138,232:232,171:173,99:99,114:118,120:126
urb35,5043,cultivar,-77.490064,37.437777,132:146,153:157,106:124,136:138,232:232,,99:107,114:118,120:126
urb35,5044,cultivar,-77.490064,37.437777,120:132,153:157,106:136,138:138,232:232,,99:99,106:114,118:120
urb35,5045,cultivar,-77.490064,37.437777,132:136,153:155,132:136,136:138,232:232,169:173,,104:118,114:126
urb35,5046,cultivar,-77.490064,37.437777,132:146,153:153,124:136,138:138,232:232,169:173,,104:118,114:126
urb35,5047,cultivar,-77.490064,37.437777,142:146,153:155,132:136,138:138,232:232,171:173,,104:118,114:120
urb35,5048,cultivar,-77.490064,37.437777,142:146,153:155,132:136,136:138,232:232,,,114:118,114:126
urb35,5049,cultivar,-77.490064,37.437777,136:142,153:157,106:124,136:138,232:232,171:173,99:111,114:118,120:126
urb35,5051,cultivar,-77.490064,37.437777,132:136,153:153,124:136,138:138,232:232,169:173,99:111,104:118,114:120
urb35,5052,cultivar,-77.490064,37.437777,132:136,153:153,122:136,138:138,232:232,171:173,,108:114,114:120
urb35,5063,cultivar,-77.490064,37.437777,132:146,153:157,106:124,136:138,232:232,171:173,99:111,104:118,114:126
