mom,site
nat01,Pocahontas State Park
nat02,Pocahontas State Park
nat03,Pocahontas State Park
nat04,Pocahontas State Park
nat05,Pocahontas State Park
nat06,Pocahontas State Park
nat07,Pocahontas State Park
nat08,Pocahontas State Park
nat09,Pocahontas State Park
nat10,Pocahontas State Park
nat11,Pocahontas State Park
nat12,Pocahontas State Park
nat13,Pocahontas State Park
nat14,Pocahontas State Park
nat15,Pocahontas State Park
nat16,Pocahontas State Park
nat17,Pocahontas State Park
nat18,Rice Rivers Center
nat19,Pocahontas State Park
nat20,Pocahontas State Park
nat21,Pocahontas State Park
nat22,Pocahontas State Park
nat23,Pocahontas State Park
nat24,Pocahontas State Park
nat25,Pocahontas State Park
nat26,Pocahontas State Park
nat27,Pocahontas State Park
nat28,Pocahontas State Park
nat29,Pocahontas State Park
nat30,Rice Rivers Center
nat31,Rice Rivers Center
nat32,Rice Rivers Center
nat33,Rice Rivers Center
